time,symbol,close,signal,confidence,reason,would_entry,would_stop,would_target,would_shares,would_risk
2026-06-17T15:59:00+00:00,TSLA,400.975,HOLD,0.402,"[HOLD conf=0.40] ORB=HOLD(0.00), VWAP=BUY(0.65), EMA=BUY(0.70)",,,,,
2026-06-17T15:59:00+00:00,XOM,141.615,HOLD,0.273,"[HOLD conf=0.27] ORB=HOLD(0.00), VWAP=BUY(0.45), EMA=BUY(0.46)",,,,,
2026-06-17T15:59:00+00:00,AMZN,240.205,HOLD,0.039,"[HOLD conf=0.04] ORB=SELL(0.52), VWAP=BUY(0.92), EMA=SELL(0.61) [VETOED: long_only mode]",,,,,
2026-06-17T15:59:00+00:00,TFC,49.455,HOLD,0.333,"[HOLD conf=0.33] ORB=HOLD(0.00), VWAP=SELL(0.45), EMA=SELL(0.70) [VETOED: long_only mode]",,,,,
2026-06-17T15:59:00+00:00,FCX,71.97,HOLD,0.023,"[HOLD conf=0.02] ORB=HOLD(0.00), VWAP=SELL(0.53), EMA=BUY(0.65) [VETOED: long_only mode]",,,,,
2026-06-17T15:59:00+00:00,ABT,89.925,HOLD,0.285,"[HOLD conf=0.28] ORB=HOLD(0.00), VWAP=SELL(0.45), EMA=SELL(0.51) [VETOED: long_only mode]",,,,,
2026-06-17T15:59:00+00:00,SLB,51.61,HOLD,0.29,"[HOLD conf=0.29] ORB=HOLD(0.00), VWAP=SELL(0.45), EMA=SELL(0.53) [VETOED: long_only mode]",,,,,
2026-06-17T15:59:00+00:00,GOOGL,364.97,HOLD,0.292,"[HOLD conf=0.29] ORB=HOLD(0.00), VWAP=SELL(0.45), EMA=SELL(0.54) [VETOED: long_only mode]",,,,,
2026-06-17T15:59:00+00:00,MU,1058.84,HOLD,0.058,"[HOLD conf=0.06] ORB=HOLD(0.00), VWAP=SELL(0.63), EMA=BUY(0.65) [VETOED: long_only mode]",,,,,
2026-06-17T15:59:00+00:00,WMT,119.21,HOLD,0.12,"[HOLD conf=0.12] ORB=SELL(0.58), VWAP=BUY(0.75), EMA=SELL(0.60) [VETOED: long_only mode]",,,,,
2026-06-17T15:59:00+00:00,META,580.665,HOLD,0.14,"[HOLD conf=0.14] ORB=SELL(0.54), VWAP=BUY(0.66), EMA=SELL(0.62) [VETOED: long_only mode]",,,,,
2026-06-17T16:04:00+00:00,KO,80.29,HOLD,0.182,"[HOLD conf=0.18] ORB=BUY(0.59), VWAP=SELL(0.59), EMA=BUY(0.61) [VETOED: RSI overbought (74.3)]",,,,,
2026-06-17T16:04:00+00:00,GOOGL,364.98,HOLD,0.287,"[HOLD conf=0.29] ORB=HOLD(0.00), VWAP=SELL(0.45), EMA=SELL(0.52) [VETOED: long_only mode]",,,,,
2026-06-17T16:04:00+00:00,TSLA,401.355,HOLD,0.275,"[HOLD conf=0.28] ORB=HOLD(0.00), VWAP=BUY(0.45), EMA=BUY(0.47)",,,,,
2026-06-17T16:04:00+00:00,FCX,71.98,HOLD,0.016,"[HOLD conf=0.02] ORB=HOLD(0.00), VWAP=SELL(0.51), EMA=BUY(0.65) [VETOED: long_only mode]",,,,,
2026-06-17T16:04:00+00:00,C,145.51,HOLD,0.05,"[HOLD conf=0.05] ORB=HOLD(0.00), VWAP=SELL(0.45), EMA=BUY(0.43) [VETOED: long_only mode]",,,,,
2026-06-17T16:04:00+00:00,ABT,89.865,HOLD,0.143,"[HOLD conf=0.14] ORB=SELL(0.50), VWAP=BUY(0.55), EMA=SELL(0.54) [VETOED: long_only mode]",,,,,
2026-06-17T16:04:00+00:00,SLB,51.57,HOLD,0.3,"[HOLD conf=0.30] ORB=HOLD(0.00), VWAP=SELL(0.45), EMA=SELL(0.57) [VETOED: long_only mode]",,,,,
2026-06-17T16:04:00+00:00,XOM,141.69,HOLD,0.483,"[HOLD conf=0.48] ORB=BUY(0.52), VWAP=BUY(0.45), EMA=BUY(0.47)",,,,,
2026-06-17T16:04:00+00:00,AMZN,240.12,HOLD,0.032,"[HOLD conf=0.03] ORB=SELL(0.53), VWAP=BUY(0.95), EMA=SELL(0.61) [VETOED: long_only mode]",,,,,
2026-06-17T16:04:00+00:00,WMT,118.92,HOLD,0.079,"[HOLD conf=0.08] ORB=SELL(0.64), VWAP=BUY(0.95), EMA=SELL(0.62) [VETOED: long_only mode]",,,,,
2026-06-17T16:04:00+00:00,META,580.83,HOLD,0.149,"[HOLD conf=0.15] ORB=SELL(0.54), VWAP=BUY(0.62), EMA=SELL(0.60) [VETOED: long_only mode]",,,,,
2026-06-17T16:04:00+00:00,D,68.345,HOLD,0.282,"[HOLD conf=0.28] ORB=HOLD(0.00), VWAP=SELL(0.45), EMA=SELL(0.50) [VETOED: long_only mode]",,,,,
2026-06-17T16:04:00+00:00,MU,1057.03,HOLD,0.026,"[HOLD conf=0.03] ORB=HOLD(0.00), VWAP=SELL(0.54), EMA=BUY(0.65) [VETOED: long_only mode]",,,,,
2026-06-17T16:04:00+00:00,TFC,49.485,HOLD,0.263,"[HOLD conf=0.26] ORB=HOLD(0.00), VWAP=SELL(0.45), EMA=SELL(0.42) [VETOED: long_only mode]",,,,,
2026-06-17T16:09:00+00:00,SLB,51.59,HOLD,0.307,"[HOLD conf=0.31] ORB=HOLD(0.00), VWAP=SELL(0.45), EMA=SELL(0.60) [VETOED: long_only mode]",,,,,
2026-06-17T16:09:00+00:00,XOM,141.67,HOLD,0.483,"[HOLD conf=0.48] ORB=BUY(0.52), VWAP=BUY(0.45), EMA=BUY(0.47)",,,,,
2026-06-17T16:09:00+00:00,FCX,72.075,HOLD,0.156,"[HOLD conf=0.16] ORB=BUY(0.50), VWAP=SELL(0.59), EMA=BUY(0.65) [VETOED: RSI overbought (71.3)]",,,,,
2026-06-17T16:09:00+00:00,WMT,118.87,HOLD,0.085,"[HOLD conf=0.09] ORB=SELL(0.65), VWAP=BUY(0.95), EMA=SELL(0.63) [VETOED: long_only mode]",,,,,
2026-06-17T16:09:00+00:00,GOOGL,364.4,HOLD,0.285,"[HOLD conf=0.28] ORB=HOLD(0.00), VWAP=SELL(0.45), EMA=SELL(0.51) [VETOED: long_only mode]",,,,,
2026-06-17T16:09:00+00:00,D,68.28,HOLD,0.285,"[HOLD conf=0.28] ORB=HOLD(0.00), VWAP=SELL(0.45), EMA=SELL(0.51) [VETOED: long_only mode]",,,,,
2026-06-17T16:09:00+00:00,META,580.415,HOLD,0.126,"[HOLD conf=0.13] ORB=SELL(0.55), VWAP=BUY(0.69), EMA=SELL(0.59) [VETOED: long_only mode]",,,,,
2026-06-17T16:09:00+00:00,AMZN,239.78,HOLD,0.043,"[HOLD conf=0.04] ORB=SELL(0.55), VWAP=BUY(0.95), EMA=SELL(0.62) [VETOED: long_only mode]",,,,,
2026-06-17T16:09:00+00:00,TFC,49.455,HOLD,0.265,"[HOLD conf=0.27] ORB=HOLD(0.00), VWAP=SELL(0.45), EMA=SELL(0.43) [VETOED: long_only mode]",,,,,
2026-06-17T16:09:00+00:00,C,145.53,HOLD,0.053,"[HOLD conf=0.05] ORB=HOLD(0.00), VWAP=SELL(0.45), EMA=BUY(0.42) [VETOED: long_only mode]",,,,,
2026-06-17T16:09:00+00:00,ABT,89.71,HOLD,0.117,"[HOLD conf=0.12] ORB=SELL(0.53), VWAP=BUY(0.68), EMA=SELL(0.57) [VETOED: long_only mode]",,,,,
2026-06-17T16:09:00+00:00,MU,1061.1,HOLD,0.051,"[HOLD conf=0.05] ORB=HOLD(0.00), VWAP=SELL(0.61), EMA=BUY(0.65) [VETOED: long_only mode]",,,,,
2026-06-17T16:09:00+00:00,TSLA,401.83,HOLD,0.285,"[HOLD conf=0.28] ORB=HOLD(0.00), VWAP=BUY(0.45), EMA=BUY(0.51)",,,,,
2026-06-17T16:09:00+00:00,KO,80.315,HOLD,0.182,"[HOLD conf=0.18] ORB=BUY(0.60), VWAP=SELL(0.60), EMA=BUY(0.61) [VETOED: RSI overbought (77.9)]",,,,,
2026-06-17T16:09:00+00:00,AMD,523.47,HOLD,0.32,"[HOLD conf=0.32] ORB=HOLD(0.00), VWAP=BUY(0.45), EMA=BUY(0.65)",,,,,
2026-06-17T16:14:00+00:00,AMZN,239.92,HOLD,0.036,"[HOLD conf=0.04] ORB=SELL(0.54), VWAP=BUY(0.95), EMA=SELL(0.61) [VETOED: long_only mode]",,,,,
2026-06-17T16:14:00+00:00,WMT,118.8,HOLD,0.102,"[HOLD conf=0.10] ORB=SELL(0.67), VWAP=BUY(0.94), EMA=SELL(0.65) [VETOED: long_only mode]",,,,,
2026-06-17T16:14:00+00:00,D,68.225,HOLD,0.287,"[HOLD conf=0.29] ORB=HOLD(0.00), VWAP=SELL(0.45), EMA=SELL(0.52) [VETOED: long_only mode]",,,,,
2026-06-17T16:14:00+00:00,MU,1059.33,HOLD,0.023,"[HOLD conf=0.02] ORB=HOLD(0.00), VWAP=SELL(0.53), EMA=BUY(0.65) [VETOED: long_only mode]",,,,,
2026-06-17T16:14:00+00:00,XOM,141.67,HOLD,0.483,"[HOLD conf=0.48] ORB=BUY(0.52), VWAP=BUY(0.45), EMA=BUY(0.47)",,,,,
2026-06-17T16:14:00+00:00,TSLA,402.96,HOLD,0.068,"[HOLD conf=0.07] ORB=HOLD(0.00), VWAP=SELL(0.60), EMA=BUY(0.57) [VETOED: long_only mode]",,,,,
2026-06-17T16:14:00+00:00,ABT,89.625,HOLD,0.118,"[HOLD conf=0.12] ORB=SELL(0.55), VWAP=BUY(0.72), EMA=SELL(0.60) [VETOED: long_only mode]",,,,,
2026-06-17T16:14:00+00:00,FCX,71.84,HOLD,0.318,"[HOLD conf=0.32] ORB=HOLD(0.00), VWAP=BUY(0.45), EMA=BUY(0.64)",,,,,
2026-06-17T16:14:00+00:00,KO,80.255,HOLD,0.196,"[HOLD conf=0.20] ORB=BUY(0.58), VWAP=SELL(0.53), EMA=BUY(0.60) [VETOED: RSI overbought (71.1)]",,,,,
2026-06-17T16:14:00+00:00,C,145.675,HOLD,0.332,"[HOLD conf=0.33] ORB=HOLD(0.00), VWAP=BUY(0.65), EMA=BUY(0.42)",,,,,
2026-06-17T16:14:00+00:00,TFC,49.425,HOLD,0.27,"[HOLD conf=0.27] ORB=HOLD(0.00), VWAP=SELL(0.45), EMA=SELL(0.45) [VETOED: long_only mode]",,,,,
2026-06-17T16:14:00+00:00,GOOGL,364.44,HOLD,0.285,"[HOLD conf=0.28] ORB=HOLD(0.00), VWAP=SELL(0.45), EMA=SELL(0.51) [VETOED: long_only mode]",,,,,
2026-06-17T16:14:00+00:00,SLB,51.505,HOLD,0.315,"[HOLD conf=0.32] ORB=HOLD(0.00), VWAP=SELL(0.45), EMA=SELL(0.63) [VETOED: long_only mode]",,,,,
2026-06-17T16:14:00+00:00,META,580.53,HOLD,0.13,"[HOLD conf=0.13] ORB=SELL(0.54), VWAP=BUY(0.66), EMA=SELL(0.58) [VETOED: long_only mode]",,,,,
2026-06-17T16:19:00+00:00,C,145.59,HOLD,0.125,"[HOLD conf=0.12] ORB=HOLD(0.00), VWAP=SELL(0.65), EMA=BUY(0.41) [VETOED: long_only mode]",,,,,
2026-06-17T16:19:00+00:00,AMD,523.075,HOLD,0.32,"[HOLD conf=0.32] ORB=HOLD(0.00), VWAP=BUY(0.45), EMA=BUY(0.65)",,,,,
2026-06-17T16:19:00+00:00,SLB,51.58,HOLD,0.315,"[HOLD conf=0.32] ORB=HOLD(0.00), VWAP=SELL(0.45), EMA=SELL(0.63) [VETOED: long_only mode]",,,,,
2026-06-17T16:19:00+00:00,D,68.28,HOLD,0.287,"[HOLD conf=0.29] ORB=HOLD(0.00), VWAP=SELL(0.45), EMA=SELL(0.52) [VETOED: long_only mode]",,,,,
2026-06-17T16:19:00+00:00,WMT,118.92,HOLD,0.147,"[HOLD conf=0.15] ORB=SELL(0.64), VWAP=BUY(0.77), EMA=SELL(0.64) [VETOED: long_only mode]",,,,,
2026-06-17T16:19:00+00:00,TSLA,402.63,HOLD,0.307,"[HOLD conf=0.31] ORB=HOLD(0.00), VWAP=BUY(0.45), EMA=BUY(0.60) [VETOED: RSI overbought (81.0)]",,,,,
2026-06-17T16:19:00+00:00,FCX,71.79,HOLD,0.305,"[HOLD conf=0.30] ORB=HOLD(0.00), VWAP=BUY(0.45), EMA=BUY(0.59)",,,,,
2026-06-17T16:19:00+00:00,META,580.635,HOLD,0.138,"[HOLD conf=0.14] ORB=SELL(0.54), VWAP=BUY(0.63), EMA=SELL(0.57) [VETOED: long_only mode]",,,,,
2026-06-17T16:19:00+00:00,KO,80.315,HOLD,0.187,"[HOLD conf=0.19] ORB=BUY(0.60), VWAP=SELL(0.58), EMA=BUY(0.60)",,,,,
2026-06-17T16:19:00+00:00,AMZN,240.26,HOLD,0.083,"[HOLD conf=0.08] ORB=SELL(0.52), VWAP=BUY(0.78), EMA=SELL(0.59) [VETOED: long_only mode]",,,,,
2026-06-17T16:19:00+00:00,GOOGL,365.03,HOLD,0.28,"[HOLD conf=0.28] ORB=HOLD(0.00), VWAP=SELL(0.45), EMA=SELL(0.49) [VETOED: long_only mode]",,,,,
2026-06-17T16:19:00+00:00,XOM,141.465,HOLD,0.27,"[HOLD conf=0.27] ORB=HOLD(0.00), VWAP=BUY(0.45), EMA=BUY(0.45)",,,,,
2026-06-17T16:19:00+00:00,MU,1059.09,HOLD,0.012,"[HOLD conf=0.01] ORB=HOLD(0.00), VWAP=SELL(0.50), EMA=BUY(0.65) [VETOED: long_only mode]",,,,,
2026-06-17T16:19:00+00:00,ABT,89.6,HOLD,0.137,"[HOLD conf=0.14] ORB=SELL(0.55), VWAP=BUY(0.68), EMA=SELL(0.62) [VETOED: long_only mode]",,,,,
2026-06-17T16:19:00+00:00,TFC,49.435,HOLD,0.273,"[HOLD conf=0.27] ORB=HOLD(0.00), VWAP=SELL(0.45), EMA=SELL(0.46) [VETOED: long_only mode]",,,,,
2026-06-17T16:24:00+00:00,MU,1057.975,HOLD,0.32,"[HOLD conf=0.32] ORB=HOLD(0.00), VWAP=BUY(0.45), EMA=BUY(0.65) [VETOED: RSI overbought (70.8)]",,,,,
2026-06-17T16:24:00+00:00,META,580.75,HOLD,0.144,"[HOLD conf=0.14] ORB=SELL(0.54), VWAP=BUY(0.60), EMA=SELL(0.55) [VETOED: long_only mode]",,,,,
2026-06-17T16:24:00+00:00,WMT,118.855,HOLD,0.144,"[HOLD conf=0.14] ORB=SELL(0.66), VWAP=BUY(0.80), EMA=SELL(0.64) [VETOED: long_only mode]",,,,,
2026-06-17T16:24:00+00:00,AMZN,240.54,HOLD,0.124,"[HOLD conf=0.12] ORB=SELL(0.50), VWAP=BUY(0.61), EMA=SELL(0.55) [VETOED: long_only mode]",,,,,
2026-06-17T16:24:00+00:00,AMD,522.995,HOLD,0.32,"[HOLD conf=0.32] ORB=HOLD(0.00), VWAP=BUY(0.45), EMA=BUY(0.65)",,,,,
2026-06-17T16:24:00+00:00,TSLA,404.745,HOLD,0.118,"[HOLD conf=0.12] ORB=BUY(0.57), VWAP=SELL(0.78), EMA=BUY(0.65) [VETOED: RSI overbought (84.5)]",,,,,
2026-06-17T16:24:00+00:00,TFC,49.405,HOLD,0.275,"[HOLD conf=0.28] ORB=HOLD(0.00), VWAP=SELL(0.45), EMA=SELL(0.47) [VETOED: long_only mode]",,,,,
2026-06-17T16:24:00+00:00,KO,80.255,HOLD,0.197,"[HOLD conf=0.20] ORB=BUY(0.58), VWAP=SELL(0.52), EMA=BUY(0.59)",,,,,
2026-06-17T16:24:00+00:00,XOM,141.3,HOLD,0.122,"[HOLD conf=0.12] ORB=HOLD(0.00), VWAP=SELL(0.65), EMA=BUY(0.42) [VETOED: long_only mode]",,,,,
2026-06-17T16:24:00+00:00,C,145.71,HOLD,0.332,"[HOLD conf=0.33] ORB=HOLD(0.00), VWAP=BUY(0.65), EMA=BUY(0.42)",,,,,
2026-06-17T16:24:00+00:00,FCX,71.86,HOLD,0.3,"[HOLD conf=0.30] ORB=HOLD(0.00), VWAP=BUY(0.45), EMA=BUY(0.57)",,,,,
2026-06-17T16:24:00+00:00,D,68.29,HOLD,0.285,"[HOLD conf=0.28] ORB=HOLD(0.00), VWAP=SELL(0.45), EMA=SELL(0.51) [VETOED: long_only mode]",,,,,
2026-06-17T16:24:00+00:00,ABT,89.495,HOLD,0.135,"[HOLD conf=0.14] ORB=SELL(0.57), VWAP=BUY(0.73), EMA=SELL(0.65) [VETOED: long_only mode]",,,,,
2026-06-17T16:24:00+00:00,SLB,51.45,HOLD,0.32,"[HOLD conf=0.32] ORB=HOLD(0.00), VWAP=SELL(0.45), EMA=SELL(0.65) [VETOED: long_only mode]",,,,,
2026-06-17T16:24:00+00:00,GOOGL,365.57,HOLD,0.27,"[HOLD conf=0.27] ORB=HOLD(0.00), VWAP=SELL(0.45), EMA=SELL(0.45) [VETOED: long_only mode]",,,,,
2026-06-17T16:29:00+00:00,ABT,89.51,HOLD,0.149,"[HOLD conf=0.15] ORB=SELL(0.57), VWAP=BUY(0.69), EMA=SELL(0.65) [VETOED: long_only mode]",,,,,
2026-06-17T16:29:00+00:00,META,580.29,HOLD,0.114,"[HOLD conf=0.11] ORB=SELL(0.55), VWAP=BUY(0.69), EMA=SELL(0.54) [VETOED: long_only mode]",,,,,
2026-06-17T16:29:00+00:00,TSLA,404.61,HOLD,0.156,"[HOLD conf=0.16] ORB=BUY(0.56), VWAP=SELL(0.66), EMA=BUY(0.65) [VETOED: RSI overbought (85.1)]",,,,,
2026-06-17T16:29:00+00:00,D,68.265,HOLD,0.285,"[HOLD conf=0.28] ORB=HOLD(0.00), VWAP=SELL(0.45), EMA=SELL(0.51) [VETOED: long_only mode]",,,,,
2026-06-17T16:29:00+00:00,AMD,522.76,HOLD,0.312,"[HOLD conf=0.31] ORB=HOLD(0.00), VWAP=BUY(0.45), EMA=BUY(0.62)",,,,,
2026-06-17T16:29:00+00:00,KO,80.175,HOLD,0.522,"[HOLD conf=0.52] ORB=BUY(0.56), VWAP=BUY(0.45), EMA=BUY(0.56)",,,,,
2026-06-17T16:29:00+00:00,FCX,71.97,HOLD,0.3,"[HOLD conf=0.30] ORB=HOLD(0.00), VWAP=BUY(0.45), EMA=BUY(0.57)",,,,,
2026-06-17T16:29:00+00:00,GOOGL,365.74,HOLD,0.263,"[HOLD conf=0.26] ORB=HOLD(0.00), VWAP=SELL(0.45), EMA=SELL(0.42) [VETOED: long_only mode]",,,,,
2026-06-17T16:29:00+00:00,C,145.555,HOLD,0.125,"[HOLD conf=0.12] ORB=HOLD(0.00), VWAP=SELL(0.65), EMA=BUY(0.41) [VETOED: long_only mode]",,,,,
2026-06-17T16:29:00+00:00,AMZN,240.64,HOLD,0.059,"[HOLD conf=0.06] ORB=HOLD(0.00), VWAP=BUY(0.54), EMA=SELL(0.52)",,,,,
2026-06-17T16:29:00+00:00,MU,1057.805,HOLD,0.32,"[HOLD conf=0.32] ORB=HOLD(0.00), VWAP=BUY(0.45), EMA=BUY(0.65)",,,,,
2026-06-17T16:29:00+00:00,XOM,141.29,HOLD,0.057,"[HOLD conf=0.06] ORB=HOLD(0.00), VWAP=SELL(0.45), EMA=BUY(0.40) [VETOED: long_only mode]",,,,,
2026-06-17T16:29:00+00:00,WMT,118.825,HOLD,0.144,"[HOLD conf=0.14] ORB=SELL(0.66), VWAP=BUY(0.80), EMA=SELL(0.64) [VETOED: long_only mode]",,,,,
2026-06-17T16:29:00+00:00,TFC,49.4,HOLD,0.275,"[HOLD conf=0.28] ORB=HOLD(0.00), VWAP=SELL(0.45), EMA=SELL(0.47) [VETOED: long_only mode]",,,,,
2026-06-17T16:29:00+00:00,SLB,51.48,HOLD,0.32,"[HOLD conf=0.32] ORB=HOLD(0.00), VWAP=SELL(0.45), EMA=SELL(0.65) [VETOED: long_only mode]",,,,,
2026-06-17T16:34:00+00:00,D,68.175,HOLD,0.159,"[HOLD conf=0.16] ORB=SELL(0.51), VWAP=BUY(0.50), EMA=SELL(0.52) [VETOED: long_only mode]",,,,,
2026-06-17T16:34:00+00:00,XOM,141.665,HOLD,0.534,"[HOLD conf=0.53] ORB=BUY(0.51), VWAP=BUY(0.65), EMA=BUY(0.41)",,,,,
2026-06-17T16:34:00+00:00,AMD,522.58,HOLD,0.305,"[HOLD conf=0.30] ORB=HOLD(0.00), VWAP=BUY(0.45), EMA=BUY(0.59)",,,,,
2026-06-17T16:34:00+00:00,TSLA,404.57,HOLD,0.18,"[HOLD conf=0.18] ORB=BUY(0.56), VWAP=SELL(0.59), EMA=BUY(0.65) [VETOED: RSI overbought (84.0)]",,,,,
2026-06-17T16:34:00+00:00,KO,80.195,HOLD,0.52,"[HOLD conf=0.52] ORB=BUY(0.57), VWAP=BUY(0.45), EMA=BUY(0.54)",,,,,
2026-06-17T16:34:00+00:00,META,578.95,HOLD,0.05,"[HOLD conf=0.05] ORB=SELL(0.59), VWAP=BUY(0.93), EMA=SELL(0.56) [VETOED: long_only mode]",,,,,
2026-06-17T16:34:00+00:00,TFC,49.335,HOLD,0.28,"[HOLD conf=0.28] ORB=HOLD(0.00), VWAP=SELL(0.45), EMA=SELL(0.49) [VETOED: long_only mode]",,,,,
2026-06-17T16:34:00+00:00,C,145.53,HOLD,0.057,"[HOLD conf=0.06] ORB=HOLD(0.00), VWAP=SELL(0.45), EMA=BUY(0.40) [VETOED: long_only mode]",,,,,
2026-06-17T16:34:00+00:00,FCX,72.01,HOLD,0.043,"[HOLD conf=0.04] ORB=HOLD(0.00), VWAP=SELL(0.53), EMA=BUY(0.57) [VETOED: long_only mode]",,,,,
2026-06-17T16:34:00+00:00,WMT,118.85,HOLD,0.162,"[HOLD conf=0.16] ORB=SELL(0.66), VWAP=BUY(0.74), EMA=SELL(0.63) [VETOED: long_only mode]",,,,,
2026-06-17T16:34:00+00:00,SLB,51.475,HOLD,0.32,"[HOLD conf=0.32] ORB=HOLD(0.00), VWAP=SELL(0.45), EMA=SELL(0.65) [VETOED: long_only mode]",,,,,
2026-06-17T16:34:00+00:00,AMZN,240.22,HOLD,0.058,"[HOLD conf=0.06] ORB=SELL(0.52), VWAP=BUY(0.80), EMA=SELL(0.52) [VETOED: long_only mode]",,,,,
2026-06-17T16:34:00+00:00,GOOGL,365.245,HOLD,0.26,"[HOLD conf=0.26] ORB=HOLD(0.00), VWAP=SELL(0.45), EMA=SELL(0.41) [VETOED: long_only mode]",,,,,
2026-06-17T16:34:00+00:00,MU,1059.57,HOLD,0.32,"[HOLD conf=0.32] ORB=HOLD(0.00), VWAP=BUY(0.45), EMA=BUY(0.65) [VETOED: RSI overbought (72.5)]",,,,,
2026-06-17T16:34:00+00:00,ABT,89.4,HOLD,0.136,"[HOLD conf=0.14] ORB=SELL(0.59), VWAP=BUY(0.75), EMA=SELL(0.65) [VETOED: long_only mode]",,,,,
2026-06-17T16:39:00+00:00,MU,1061.35,HOLD,0.016,"[HOLD conf=0.02] ORB=HOLD(0.00), VWAP=SELL(0.51), EMA=BUY(0.65) [VETOED: long_only mode]",,,,,
2026-06-17T16:39:00+00:00,WMT,118.8,HOLD,0.157,"[HOLD conf=0.16] ORB=SELL(0.67), VWAP=BUY(0.76), EMA=SELL(0.62) [VETOED: long_only mode]",,,,,
2026-06-17T16:39:00+00:00,C,145.61,HOLD,0.328,"[HOLD conf=0.33] ORB=HOLD(0.00), VWAP=BUY(0.65), EMA=BUY(0.40)",,,,,
2026-06-17T16:39:00+00:00,AMD,523.19,HOLD,0.302,"[HOLD conf=0.30] ORB=HOLD(0.00), VWAP=BUY(0.45), EMA=BUY(0.58)",,,,,
2026-06-17T16:39:00+00:00,KO,80.22,HOLD,0.518,"[HOLD conf=0.52] ORB=BUY(0.57), VWAP=BUY(0.45), EMA=BUY(0.53)",,,,,
2026-06-17T16:39:00+00:00,AMZN,239.96,HOLD,0.01,"[HOLD conf=0.01] ORB=SELL(0.53), VWAP=BUY(0.95), EMA=SELL(0.52) [VETOED: long_only mode]",,,,,
2026-06-17T16:39:00+00:00,D,68.135,HOLD,0.162,"[HOLD conf=0.16] ORB=SELL(0.54), VWAP=BUY(0.54), EMA=SELL(0.54) [VETOED: long_only mode]",,,,,
2026-06-17T16:39:00+00:00,TSLA,403.92,HOLD,0.528,"[HOLD conf=0.53] ORB=BUY(0.52), VWAP=BUY(0.45), EMA=BUY(0.65) [VETOED: RSI overbought (77.5)]",,,,,
2026-06-17T16:39:00+00:00,FCX,72.075,HOLD,0.138,"[HOLD conf=0.14] ORB=BUY(0.50), VWAP=SELL(0.59), EMA=BUY(0.58)",,,,,
2026-06-17T16:39:00+00:00,SLB,51.415,HOLD,0.32,"[HOLD conf=0.32] ORB=HOLD(0.00), VWAP=SELL(0.45), EMA=SELL(0.65) [VETOED: long_only mode]",,,,,
2026-06-17T16:39:00+00:00,ABT,89.41,HOLD,0.146,"[HOLD conf=0.15] ORB=SELL(0.58), VWAP=BUY(0.71), EMA=SELL(0.65) [VETOED: long_only mode]",,,,,
2026-06-17T16:39:00+00:00,META,578.91,HOLD,0.056,"[HOLD conf=0.06] ORB=SELL(0.59), VWAP=BUY(0.92), EMA=SELL(0.57) [VETOED: long_only mode]",,,,,
2026-06-17T16:39:00+00:00,GOOGL,365.375,HOLD,0.258,"[HOLD conf=0.26] ORB=HOLD(0.00), VWAP=SELL(0.45), EMA=SELL(0.40) [VETOED: long_only mode]",,,,,
2026-06-17T16:39:00+00:00,TFC,49.325,HOLD,0.285,"[HOLD conf=0.28] ORB=HOLD(0.00), VWAP=SELL(0.45), EMA=SELL(0.51) [VETOED: long_only mode]",,,,,
2026-06-17T16:39:00+00:00,XOM,141.78,HOLD,0.125,"[HOLD conf=0.12] ORB=BUY(0.55), VWAP=SELL(0.58), EMA=BUY(0.43)",,,,,
2026-06-17T16:44:00+00:00,TFC,49.335,HOLD,0.285,"[HOLD conf=0.28] ORB=HOLD(0.00), VWAP=SELL(0.45), EMA=SELL(0.51) [VETOED: long_only mode]",,,,,
2026-06-17T16:44:00+00:00,MU,1058.18,HOLD,0.32,"[HOLD conf=0.32] ORB=HOLD(0.00), VWAP=BUY(0.45), EMA=BUY(0.65)",,,,,
2026-06-17T16:44:00+00:00,AMZN,239.815,HOLD,0.016,"[HOLD conf=0.02] ORB=SELL(0.54), VWAP=BUY(0.95), EMA=SELL(0.53) [VETOED: long_only mode]",,,,,
2026-06-17T16:44:00+00:00,TSLA,403.51,HOLD,0.52,"[HOLD conf=0.52] ORB=BUY(0.50), VWAP=BUY(0.45), EMA=BUY(0.65) [VETOED: RSI overbought (71.7)]",,,,,
2026-06-17T16:44:00+00:00,C,145.615,HOLD,0.258,"[HOLD conf=0.26] ORB=HOLD(0.00), VWAP=BUY(0.45), EMA=BUY(0.40)",,,,,
2026-06-17T16:44:00+00:00,D,68.15,HOLD,0.584,"[HOLD conf=0.58] ORB=SELL(0.73), VWAP=SELL(0.45), EMA=SELL(0.54) [VETOED: long_only mode]",,,,,
2026-06-17T16:44:00+00:00,GOOGL,365.105,HOLD,0.258,"[HOLD conf=0.26] ORB=HOLD(0.00), VWAP=SELL(0.45), EMA=SELL(0.40) [VETOED: long_only mode]",,,,,
2026-06-17T16:44:00+00:00,FCX,71.99,HOLD,0.036,"[HOLD conf=0.04] ORB=HOLD(0.00), VWAP=SELL(0.51), EMA=BUY(0.57) [VETOED: long_only mode]",,,,,
2026-06-17T16:44:00+00:00,AMD,522.36,HOLD,0.295,"[HOLD conf=0.29] ORB=HOLD(0.00), VWAP=BUY(0.45), EMA=BUY(0.55)",,,,,
2026-06-17T16:44:00+00:00,WMT,118.835,HOLD,0.168,"[HOLD conf=0.17] ORB=SELL(0.66), VWAP=BUY(0.71), EMA=SELL(0.61) [VETOED: long_only mode]",,,,,
2026-06-17T16:44:00+00:00,XOM,141.8,HOLD,0.127,"[HOLD conf=0.13] ORB=BUY(0.56), VWAP=SELL(0.60), EMA=BUY(0.45)",,,,,
2026-06-17T16:44:00+00:00,ABT,89.485,HOLD,0.174,"[HOLD conf=0.17] ORB=SELL(0.57), VWAP=BUY(0.62), EMA=SELL(0.65) [VETOED: long_only mode]",,,,,
2026-06-17T16:44:00+00:00,META,578.39,HOLD,0.055,"[HOLD conf=0.06] ORB=SELL(0.60), VWAP=BUY(0.95), EMA=SELL(0.59) [VETOED: long_only mode]",,,,,
2026-06-17T16:44:00+00:00,SLB,51.415,HOLD,0.32,"[HOLD conf=0.32] ORB=HOLD(0.00), VWAP=SELL(0.45), EMA=SELL(0.65) [VETOED: long_only mode]",,,,,
2026-06-17T16:44:00+00:00,KO,80.24,HOLD,0.52,"[HOLD conf=0.52] ORB=BUY(0.58), VWAP=BUY(0.45), EMA=BUY(0.52)",,,,,
2026-06-17T16:49:00+00:00,WMT,118.74,HOLD,0.155,"[HOLD conf=0.15] ORB=SELL(0.68), VWAP=BUY(0.77), EMA=SELL(0.61) [VETOED: long_only mode]",,,,,
2026-06-17T16:49:00+00:00,TFC,49.415,HOLD,0.282,"[HOLD conf=0.28] ORB=HOLD(0.00), VWAP=SELL(0.45), EMA=SELL(0.50) [VETOED: long_only mode]",,,,,
2026-06-17T16:49:00+00:00,AMZN,239.4,HOLD,0.033,"[HOLD conf=0.03] ORB=SELL(0.57), VWAP=BUY(0.95), EMA=SELL(0.55) [VETOED: long_only mode]",,,,,
2026-06-17T16:49:00+00:00,TSLA,402.84,HOLD,0.32,"[HOLD conf=0.32] ORB=HOLD(0.00), VWAP=BUY(0.45), EMA=BUY(0.65)",,,,,
2026-06-17T16:49:00+00:00,D,68.05,HOLD,0.25,"[HOLD conf=0.25] ORB=SELL(0.79), VWAP=BUY(0.59), EMA=SELL(0.56) [VETOED: long_only mode]",,,,,
2026-06-17T16:49:00+00:00,GOOGL,365.235,HOLD,0.258,"[HOLD conf=0.26] ORB=HOLD(0.00), VWAP=SELL(0.45), EMA=SELL(0.40) [VETOED: long_only mode]",,,,,
2026-06-17T16:49:00+00:00,XOM,142.04,HOLD,0.053,"[HOLD conf=0.05] ORB=BUY(0.63), VWAP=SELL(0.91), EMA=BUY(0.48)",,,,,
2026-06-17T16:49:00+00:00,SLB,51.38,HOLD,0.32,"[HOLD conf=0.32] ORB=HOLD(0.00), VWAP=SELL(0.45), EMA=SELL(0.65) [VETOED: long_only mode]",,,,,
2026-06-17T16:49:00+00:00,ABT,89.44,HOLD,0.174,"[HOLD conf=0.17] ORB=SELL(0.58), VWAP=BUY(0.63), EMA=SELL(0.65) [VETOED: long_only mode]",,,,,
2026-06-17T16:49:00+00:00,KO,80.18,HOLD,0.509,"[HOLD conf=0.51] ORB=BUY(0.56), VWAP=BUY(0.45), EMA=BUY(0.51)",,,,,
2026-06-17T16:49:00+00:00,C,145.905,HOLD,0.265,"[HOLD conf=0.27] ORB=HOLD(0.00), VWAP=BUY(0.45), EMA=BUY(0.43)",,,,,
2026-06-17T16:49:00+00:00,META,577.78,HOLD,0.068,"[HOLD conf=0.07] ORB=SELL(0.62), VWAP=BUY(0.95), EMA=SELL(0.61) [VETOED: long_only mode]",,,,,
2026-06-17T16:49:00+00:00,MU,1056.555,HOLD,0.32,"[HOLD conf=0.32] ORB=HOLD(0.00), VWAP=BUY(0.45), EMA=BUY(0.65)",,,,,
2026-06-17T16:49:00+00:00,FCX,72.02,HOLD,0.049,"[HOLD conf=0.05] ORB=HOLD(0.00), VWAP=SELL(0.54), EMA=BUY(0.56) [VETOED: long_only mode]",,,,,
2026-06-17T16:49:00+00:00,AMD,521.82,HOLD,0.285,"[HOLD conf=0.28] ORB=HOLD(0.00), VWAP=BUY(0.45), EMA=BUY(0.51)",,,,,
2026-06-17T16:54:00+00:00,TFC,49.425,HOLD,0.277,"[HOLD conf=0.28] ORB=HOLD(0.00), VWAP=SELL(0.45), EMA=SELL(0.48) [VETOED: long_only mode]",,,,,
2026-06-17T16:54:00+00:00,META,577.69,HOLD,0.071,"[HOLD conf=0.07] ORB=SELL(0.62), VWAP=BUY(0.95), EMA=SELL(0.62) [VETOED: long_only mode]",,,,,
2026-06-17T16:54:00+00:00,D,68.065,HOLD,0.186,"[HOLD conf=0.19] ORB=SELL(0.58), VWAP=BUY(0.53), EMA=SELL(0.56) [VETOED: long_only mode]",,,,,
2026-06-17T16:54:00+00:00,FCX,72.12,HOLD,0.126,"[HOLD conf=0.13] ORB=BUY(0.51), VWAP=SELL(0.63), EMA=BUY(0.57)",,,,,
2026-06-17T16:54:00+00:00,SLB,51.29,HOLD,0.32,"[HOLD conf=0.32] ORB=HOLD(0.00), VWAP=SELL(0.45), EMA=SELL(0.65) [VETOED: long_only mode]",,,,,
2026-06-17T16:54:00+00:00,ABT,89.465,HOLD,0.271,"[HOLD conf=0.27] ORB=SELL(0.77), VWAP=BUY(0.57), EMA=SELL(0.65) [VETOED: long_only mode]",,,,,
2026-06-17T16:54:00+00:00,GOOGL,365.475,HOLD,0.017,"[HOLD conf=0.02] ORB=HOLD(0.00), VWAP=SELL(0.45), EMA=BUY(0.70)",,,,,
2026-06-17T16:54:00+00:00,MU,1053.56,HOLD,0.32,"[HOLD conf=0.32] ORB=HOLD(0.00), VWAP=BUY(0.45), EMA=BUY(0.65)",,,,,
2026-06-17T16:54:00+00:00,TSLA,403.355,HOLD,0.32,"[HOLD conf=0.32] ORB=HOLD(0.00), VWAP=BUY(0.45), EMA=BUY(0.65)",,,,,
2026-06-17T16:54:00+00:00,C,145.95,HOLD,0.268,"[HOLD conf=0.27] ORB=HOLD(0.00), VWAP=BUY(0.45), EMA=BUY(0.44)",,,,,
2026-06-17T16:54:00+00:00,KO,80.135,HOLD,0.5,"[HOLD conf=0.50] ORB=BUY(0.55), VWAP=BUY(0.45), EMA=BUY(0.49)",,,,,
2026-06-17T16:54:00+00:00,AMZN,239.435,HOLD,0.038,"[HOLD conf=0.04] ORB=SELL(0.57), VWAP=BUY(0.95), EMA=SELL(0.57) [VETOED: long_only mode]",,,,,
2026-06-17T16:54:00+00:00,XOM,141.9,HOLD,0.122,"[HOLD conf=0.12] ORB=BUY(0.59), VWAP=SELL(0.67), EMA=BUY(0.48)",,,,,
2026-06-17T16:54:00+00:00,WMT,118.8,HOLD,0.171,"[HOLD conf=0.17] ORB=SELL(0.67), VWAP=BUY(0.70), EMA=SELL(0.59) [VETOED: long_only mode]",,,,,
2026-06-17T16:59:00+00:00,META,578.39,HOLD,0.095,"[HOLD conf=0.10] ORB=SELL(0.60), VWAP=BUY(0.85), EMA=SELL(0.61) [VETOED: long_only mode]",,,,,
2026-06-17T16:59:00+00:00,FCX,72.15,HOLD,0.123,"[HOLD conf=0.12] ORB=BUY(0.51), VWAP=SELL(0.64), EMA=BUY(0.57)",,,,,
2026-06-17T16:59:00+00:00,XOM,141.595,HOLD,0.275,"[HOLD conf=0.28] ORB=HOLD(0.00), VWAP=BUY(0.45), EMA=BUY(0.47)",,,,,
2026-06-17T16:59:00+00:00,KO,80.1,HOLD,0.491,"[HOLD conf=0.49] ORB=BUY(0.54), VWAP=BUY(0.45), EMA=BUY(0.47)",,,,,
2026-06-17T16:59:00+00:00,TSLA,403.6,HOLD,0.524,"[HOLD conf=0.52] ORB=BUY(0.51), VWAP=BUY(0.45), EMA=BUY(0.65) [VETOED: RSI overbought (73.6)]",,,,,
2026-06-17T16:59:00+00:00,D,68.05,HOLD,0.193,"[HOLD conf=0.19] ORB=SELL(0.59), VWAP=BUY(0.53), EMA=SELL(0.57) [VETOED: long_only mode]",,,,,
2026-06-17T16:59:00+00:00,ABT,89.38,HOLD,0.265,"[HOLD conf=0.27] ORB=SELL(0.79), VWAP=BUY(0.61), EMA=SELL(0.65) [VETOED: long_only mode]",,,,,
2026-06-17T16:59:00+00:00,GOOGL,365.47,HOLD,0.053,"[HOLD conf=0.05] ORB=HOLD(0.00), VWAP=SELL(0.45), EMA=BUY(0.42) [VETOED: long_only mode]",,,,,
2026-06-17T16:59:00+00:00,SLB,51.275,HOLD,0.32,"[HOLD conf=0.32] ORB=HOLD(0.00), VWAP=SELL(0.45), EMA=SELL(0.65) [VETOED: long_only mode]",,,,,
2026-06-17T16:59:00+00:00,C,146.07,HOLD,0.275,"[HOLD conf=0.28] ORB=HOLD(0.00), VWAP=BUY(0.45), EMA=BUY(0.47)",,,,,
2026-06-17T16:59:00+00:00,TFC,49.445,HOLD,0.275,"[HOLD conf=0.28] ORB=HOLD(0.00), VWAP=SELL(0.45), EMA=SELL(0.47) [VETOED: long_only mode]",,,,,
2026-06-17T16:59:00+00:00,MU,1056.77,HOLD,0.32,"[HOLD conf=0.32] ORB=HOLD(0.00), VWAP=BUY(0.45), EMA=BUY(0.65)",,,,,
2026-06-17T16:59:00+00:00,AMZN,239.875,HOLD,0.06,"[HOLD conf=0.06] ORB=SELL(0.54), VWAP=BUY(0.84), EMA=SELL(0.55) [VETOED: long_only mode]",,,,,
2026-06-17T16:59:00+00:00,WMT,118.765,HOLD,0.161,"[HOLD conf=0.16] ORB=SELL(0.67), VWAP=BUY(0.72), EMA=SELL(0.58) [VETOED: long_only mode]",,,,,
2026-06-17T17:04:00+00:00,KO,80.135,HOLD,0.49,"[HOLD conf=0.49] ORB=BUY(0.55), VWAP=BUY(0.45), EMA=BUY(0.45)",,,,,
2026-06-17T17:04:00+00:00,META,577.59,HOLD,0.071,"[HOLD conf=0.07] ORB=SELL(0.62), VWAP=BUY(0.95), EMA=SELL(0.62) [VETOED: long_only mode]",,,,,
2026-06-17T17:04:00+00:00,WMT,118.66,HOLD,0.148,"[HOLD conf=0.15] ORB=SELL(0.70), VWAP=BUY(0.79), EMA=SELL(0.58) [VETOED: long_only mode]",,,,,
2026-06-17T17:04:00+00:00,TSLA,403.66,HOLD,0.522,"[HOLD conf=0.52] ORB=BUY(0.51), VWAP=BUY(0.45), EMA=BUY(0.64) [VETOED: RSI overbought (73.0)]",,,,,
2026-06-17T17:04:00+00:00,SLB,51.28,HOLD,0.32,"[HOLD conf=0.32] ORB=HOLD(0.00), VWAP=SELL(0.45), EMA=SELL(0.65) [VETOED: long_only mode]",,,,,
2026-06-17T17:04:00+00:00,ABT,89.36,HOLD,0.269,"[HOLD conf=0.27] ORB=SELL(0.79), VWAP=BUY(0.60), EMA=SELL(0.65) [VETOED: long_only mode]",,,,,
2026-06-17T17:04:00+00:00,D,68.18,HOLD,0.499,"[HOLD conf=0.50] ORB=SELL(0.51), VWAP=SELL(0.45), EMA=SELL(0.55) [VETOED: long_only mode]",,,,,
2026-06-17T17:04:00+00:00,AMZN,239.64,HOLD,0.105,"[HOLD conf=0.10] ORB=SELL(0.75), VWAP=BUY(0.95), EMA=SELL(0.55) [VETOED: long_only mode]",,,,,
2026-06-17T17:04:00+00:00,AMD,520.79,HOLD,0.273,"[HOLD conf=0.27] ORB=HOLD(0.00), VWAP=BUY(0.45), EMA=BUY(0.46)",,,,,
2026-06-17T17:04:00+00:00,XOM,141.76,HOLD,0.489,"[HOLD conf=0.49] ORB=BUY(0.54), VWAP=BUY(0.45), EMA=BUY(0.46)",,,,,
2026-06-17T17:04:00+00:00,GOOGL,365.11,HOLD,0.055,"[HOLD conf=0.06] ORB=HOLD(0.00), VWAP=SELL(0.45), EMA=BUY(0.41) [VETOED: long_only mode]",,,,,
2026-06-17T17:04:00+00:00,FCX,72.06,HOLD,0.052,"[HOLD conf=0.05] ORB=HOLD(0.00), VWAP=SELL(0.55), EMA=BUY(0.56) [VETOED: long_only mode]",,,,,
2026-06-17T17:04:00+00:00,C,146.145,HOLD,0.077,"[HOLD conf=0.08] ORB=HOLD(0.00), VWAP=SELL(0.57), EMA=BUY(0.49) [VETOED: long_only mode]",,,,,
2026-06-17T17:04:00+00:00,MU,1053.89,HOLD,0.318,"[HOLD conf=0.32] ORB=HOLD(0.00), VWAP=BUY(0.45), EMA=BUY(0.64)",,,,,
2026-06-17T17:09:00+00:00,ABT,89.27,HOLD,0.176,"[HOLD conf=0.18] ORB=SELL(0.61), VWAP=BUY(0.66), EMA=SELL(0.65) [VETOED: long_only mode]",,,,,
2026-06-17T17:09:00+00:00,C,146.1,HOLD,0.053,"[HOLD conf=0.05] ORB=HOLD(0.00), VWAP=SELL(0.51), EMA=BUY(0.50) [VETOED: long_only mode]",,,,,
2026-06-17T17:09:00+00:00,XOM,141.695,HOLD,0.481,"[HOLD conf=0.48] ORB=BUY(0.52), VWAP=BUY(0.45), EMA=BUY(0.46)",,,,,
2026-06-17T17:09:00+00:00,D,68.06,HOLD,0.607,"[HOLD conf=0.61] ORB=SELL(0.78), VWAP=SELL(0.45), EMA=SELL(0.55) [VETOED: long_only mode]",,,,,
2026-06-17T17:09:00+00:00,KO,80.145,HOLD,0.49,"[HOLD conf=0.49] ORB=BUY(0.55), VWAP=BUY(0.45), EMA=BUY(0.45)",,,,,
2026-06-17T17:09:00+00:00,META,577.855,HOLD,0.088,"[HOLD conf=0.09] ORB=SELL(0.61), VWAP=BUY(0.88), EMA=SELL(0.61) [VETOED: long_only mode]",,,,,
2026-06-17T17:09:00+00:00,GOOGL,364.485,HOLD,0.333,"[HOLD conf=0.33] ORB=HOLD(0.00), VWAP=SELL(0.45), EMA=SELL(0.70) [VETOED: long_only mode]",,,,,
2026-06-17T17:09:00+00:00,MU,1059.75,HOLD,0.32,"[HOLD conf=0.32] ORB=HOLD(0.00), VWAP=BUY(0.45), EMA=BUY(0.65)",,,,,
2026-06-17T17:09:00+00:00,TFC,49.465,HOLD,0.27,"[HOLD conf=0.27] ORB=HOLD(0.00), VWAP=SELL(0.45), EMA=SELL(0.45) [VETOED: long_only mode]",,,,,
2026-06-17T17:09:00+00:00,FCX,72.15,HOLD,0.124,"[HOLD conf=0.12] ORB=BUY(0.51), VWAP=SELL(0.63), EMA=BUY(0.56)",,,,,
2026-06-17T17:09:00+00:00,SLB,51.245,HOLD,0.32,"[HOLD conf=0.32] ORB=HOLD(0.00), VWAP=SELL(0.45), EMA=SELL(0.65) [VETOED: long_only mode]",,,,,
2026-06-17T17:09:00+00:00,TSLA,403.605,HOLD,0.517,"[HOLD conf=0.52] ORB=BUY(0.51), VWAP=BUY(0.45), EMA=BUY(0.62)",,,,,
2026-06-17T17:09:00+00:00,WMT,118.52,HOLD,0.135,"[HOLD conf=0.14] ORB=SELL(0.73), VWAP=BUY(0.87), EMA=SELL(0.59) [VETOED: long_only mode]",,,,,
2026-06-17T17:09:00+00:00,AMZN,239.5,HOLD,0.029,"[HOLD conf=0.03] ORB=SELL(0.56), VWAP=BUY(0.95), EMA=SELL(0.55) [VETOED: long_only mode]",,,,,
2026-06-17T17:09:00+00:00,AMD,522.12,HOLD,0.27,"[HOLD conf=0.27] ORB=HOLD(0.00), VWAP=BUY(0.45), EMA=BUY(0.45)",,,,,
2026-06-17T17:14:00+00:00,C,146.075,HOLD,0.282,"[HOLD conf=0.28] ORB=HOLD(0.00), VWAP=BUY(0.45), EMA=BUY(0.50) [VETOED: RSI overbought (72.9)]",,,,,
2026-06-17T17:14:00+00:00,WMT,118.44,HOLD,0.131,"[HOLD conf=0.13] ORB=SELL(0.74), VWAP=BUY(0.90), EMA=SELL(0.60) [VETOED: long_only mode]",,,,,
2026-06-17T17:14:00+00:00,D,68.04,HOLD,0.531,"[HOLD conf=0.53] ORB=SELL(0.59), VWAP=SELL(0.45), EMA=SELL(0.55) [VETOED: long_only mode]",,,,,
2026-06-17T17:14:00+00:00,MU,1060.585,HOLD,0.32,"[HOLD conf=0.32] ORB=HOLD(0.00), VWAP=BUY(0.45), EMA=BUY(0.65)",,,,,
2026-06-17T17:14:00+00:00,META,578.01,HOLD,0.1,"[HOLD conf=0.10] ORB=SELL(0.61), VWAP=BUY(0.84), EMA=SELL(0.60) [VETOED: long_only mode]",,,,,
2026-06-17T17:14:00+00:00,KO,80.165,HOLD,0.492,"[HOLD conf=0.49] ORB=BUY(0.56), VWAP=BUY(0.45), EMA=BUY(0.44)",,,,,
2026-06-17T17:14:00+00:00,SLB,51.24,HOLD,0.32,"[HOLD conf=0.32] ORB=HOLD(0.00), VWAP=SELL(0.45), EMA=SELL(0.65) [VETOED: long_only mode]",,,,,
2026-06-17T17:14:00+00:00,TSLA,403.44,HOLD,0.31,"[HOLD conf=0.31] ORB=HOLD(0.00), VWAP=BUY(0.45), EMA=BUY(0.61)",,,,,
2026-06-17T17:14:00+00:00,FCX,71.97,HOLD,0.292,"[HOLD conf=0.29] ORB=HOLD(0.00), VWAP=BUY(0.45), EMA=BUY(0.54)",,,,,
2026-06-17T17:14:00+00:00,GOOGL,364.27,HOLD,0.268,"[HOLD conf=0.27] ORB=HOLD(0.00), VWAP=SELL(0.45), EMA=SELL(0.44) [VETOED: long_only mode]",,,,,
2026-06-17T17:14:00+00:00,ABT,89.425,HOLD,0.208,"[HOLD conf=0.21] ORB=SELL(0.58), VWAP=BUY(0.52), EMA=SELL(0.63) [VETOED: long_only mode]",,,,,
2026-06-17T17:14:00+00:00,AMZN,239.475,HOLD,0.029,"[HOLD conf=0.03] ORB=SELL(0.56), VWAP=BUY(0.95), EMA=SELL(0.55) [VETOED: long_only mode]",,,,,
2026-06-17T17:14:00+00:00,XOM,141.61,HOLD,0.268,"[HOLD conf=0.27] ORB=HOLD(0.00), VWAP=BUY(0.45), EMA=BUY(0.44)",,,,,
2026-06-17T17:14:00+00:00,AMD,523.075,HOLD,0.273,"[HOLD conf=0.27] ORB=HOLD(0.00), VWAP=BUY(0.45), EMA=BUY(0.46)",,,,,
2026-06-17T17:19:00+00:00,FCX,71.98,HOLD,0.285,"[HOLD conf=0.28] ORB=HOLD(0.00), VWAP=BUY(0.45), EMA=BUY(0.51)",,,,,
2026-06-17T17:19:00+00:00,AMD,524.06,HOLD,0.28,"[HOLD conf=0.28] ORB=HOLD(0.00), VWAP=BUY(0.45), EMA=BUY(0.49)",,,,,
2026-06-17T17:19:00+00:00,WMT,118.34,HOLD,0.134,"[HOLD conf=0.13] ORB=SELL(0.77), VWAP=BUY(0.94), EMA=SELL(0.62) [VETOED: long_only mode]",,,,,
2026-06-17T17:19:00+00:00,ABT,89.46,HOLD,0.542,"[HOLD conf=0.54] ORB=SELL(0.58), VWAP=SELL(0.45), EMA=SELL(0.61) [VETOED: long_only mode]",,,,,
2026-06-17T17:19:00+00:00,META,578.545,HOLD,0.126,"[HOLD conf=0.13] ORB=SELL(0.60), VWAP=BUY(0.74), EMA=SELL(0.58) [VETOED: long_only mode]",,,,,
2026-06-17T17:19:00+00:00,GOOGL,364.435,HOLD,0.27,"[HOLD conf=0.27] ORB=HOLD(0.00), VWAP=SELL(0.45), EMA=SELL(0.45) [VETOED: long_only mode]",,,,,
2026-06-17T17:19:00+00:00,C,146.02,HOLD,0.282,"[HOLD conf=0.28] ORB=HOLD(0.00), VWAP=BUY(0.45), EMA=BUY(0.50)",,,,,
2026-06-17T17:19:00+00:00,TFC,49.47,HOLD,0.265,"[HOLD conf=0.27] ORB=HOLD(0.00), VWAP=SELL(0.45), EMA=SELL(0.43) [VETOED: long_only mode]",,,,,
2026-06-17T17:19:00+00:00,D,68.01,HOLD,0.619,"[HOLD conf=0.62] ORB=SELL(0.81), VWAP=SELL(0.45), EMA=SELL(0.55) [VETOED: long_only mode]",,,,,
2026-06-17T17:19:00+00:00,TSLA,403.67,HOLD,0.509,"[HOLD conf=0.51] ORB=BUY(0.51), VWAP=BUY(0.45), EMA=BUY(0.59)",,,,,
2026-06-17T17:19:00+00:00,MU,1062.77,HOLD,0.181,"[HOLD conf=0.18] ORB=BUY(0.50), VWAP=SELL(0.52), EMA=BUY(0.65)",,,,,
2026-06-17T17:19:00+00:00,AMZN,239.695,HOLD,0.054,"[HOLD conf=0.05] ORB=SELL(0.55), VWAP=BUY(0.86), EMA=SELL(0.54) [VETOED: long_only mode]",,,,,
2026-06-17T17:19:00+00:00,SLB,51.19,HOLD,0.32,"[HOLD conf=0.32] ORB=HOLD(0.00), VWAP=SELL(0.45), EMA=SELL(0.65) [VETOED: long_only mode]",,,,,
2026-06-17T17:19:00+00:00,KO,80.255,HOLD,0.166,"[HOLD conf=0.17] ORB=BUY(0.58), VWAP=SELL(0.51), EMA=BUY(0.45)",,,,,
2026-06-17T17:24:00+00:00,TSLA,404.12,HOLD,0.517,"[HOLD conf=0.52] ORB=BUY(0.53), VWAP=BUY(0.45), EMA=BUY(0.59)",,,,,
2026-06-17T17:24:00+00:00,FCX,71.95,HOLD,0.28,"[HOLD conf=0.28] ORB=HOLD(0.00), VWAP=BUY(0.45), EMA=BUY(0.49)",,,,,
2026-06-17T17:24:00+00:00,KO,80.155,HOLD,0.488,"[HOLD conf=0.49] ORB=BUY(0.55), VWAP=BUY(0.45), EMA=BUY(0.44)",,,,,
2026-06-17T17:24:00+00:00,AMZN,239.68,HOLD,0.052,"[HOLD conf=0.05] ORB=SELL(0.55), VWAP=BUY(0.86), EMA=SELL(0.53) [VETOED: long_only mode]",,,,,
2026-06-17T17:24:00+00:00,ABT,89.42,HOLD,0.197,"[HOLD conf=0.20] ORB=SELL(0.58), VWAP=BUY(0.52), EMA=SELL(0.59) [VETOED: long_only mode]",,,,,
2026-06-17T17:24:00+00:00,C,146.01,HOLD,0.28,"[HOLD conf=0.28] ORB=HOLD(0.00), VWAP=BUY(0.45), EMA=BUY(0.49)",,,,,
2026-06-17T17:24:00+00:00,GOOGL,364.24,HOLD,0.273,"[HOLD conf=0.27] ORB=HOLD(0.00), VWAP=SELL(0.45), EMA=SELL(0.46) [VETOED: long_only mode]",,,,,
2026-06-17T17:24:00+00:00,MU,1070.77,HOLD,0.145,"[HOLD conf=0.14] ORB=BUY(0.56), VWAP=SELL(0.69), EMA=BUY(0.65)",,,,,
2026-06-17T17:24:00+00:00,D,67.99,HOLD,0.21,"[HOLD conf=0.21] ORB=SELL(0.62), VWAP=BUY(0.51), EMA=SELL(0.56) [VETOED: long_only mode]",,,,,
2026-06-17T17:24:00+00:00,SLB,51.24,HOLD,0.32,"[HOLD conf=0.32] ORB=HOLD(0.00), VWAP=SELL(0.45), EMA=SELL(0.65) [VETOED: long_only mode]",,,,,
2026-06-17T17:24:00+00:00,META,578.325,HOLD,0.111,"[HOLD conf=0.11] ORB=SELL(0.60), VWAP=BUY(0.77), EMA=SELL(0.56) [VETOED: long_only mode]",,,,,
2026-06-17T17:24:00+00:00,WMT,118.23,HOLD,0.141,"[HOLD conf=0.14] ORB=SELL(0.79), VWAP=BUY(0.95), EMA=SELL(0.63) [VETOED: long_only mode]",,,,,
2026-06-17T17:29:00+00:00,ABT,89.42,HOLD,0.192,"[HOLD conf=0.19] ORB=SELL(0.58), VWAP=BUY(0.52), EMA=SELL(0.57) [VETOED: long_only mode]",,,,,
2026-06-17T17:29:00+00:00,AMZN,240.005,HOLD,0.106,"[HOLD conf=0.11] ORB=SELL(0.53), VWAP=BUY(0.66), EMA=SELL(0.50) [VETOED: long_only mode]",,,,,
2026-06-17T17:29:00+00:00,TSLA,404.3,HOLD,0.524,"[HOLD conf=0.52] ORB=BUY(0.54), VWAP=BUY(0.45), EMA=BUY(0.60)",,,,,
2026-06-17T17:29:00+00:00,D,68.01,HOLD,0.539,"[HOLD conf=0.54] ORB=SELL(0.61), VWAP=SELL(0.45), EMA=SELL(0.55) [VETOED: long_only mode]",,,,,
2026-06-17T17:29:00+00:00,KO,80.075,HOLD,0.475,"[HOLD conf=0.47] ORB=BUY(0.53), VWAP=BUY(0.45), EMA=BUY(0.42)",,,,,
2026-06-17T17:29:00+00:00,C,146.16,HOLD,0.132,"[HOLD conf=0.13] ORB=BUY(0.50), VWAP=SELL(0.55), EMA=BUY(0.50) [VETOED: RSI overbought (73.7)]",,,,,
2026-06-17T17:29:00+00:00,XOM,141.305,HOLD,0.125,"[HOLD conf=0.12] ORB=HOLD(0.00), VWAP=SELL(0.65), EMA=BUY(0.41) [VETOED: long_only mode]",,,,,
2026-06-17T17:29:00+00:00,GOOGL,365.14,HOLD,0.268,"[HOLD conf=0.27] ORB=HOLD(0.00), VWAP=SELL(0.45), EMA=SELL(0.44) [VETOED: long_only mode]",,,,,
2026-06-17T17:29:00+00:00,MU,1066.37,HOLD,0.179,"[HOLD conf=0.18] ORB=BUY(0.53), VWAP=SELL(0.56), EMA=BUY(0.65)",,,,,
2026-06-17T17:29:00+00:00,SLB,51.25,HOLD,0.32,"[HOLD conf=0.32] ORB=HOLD(0.00), VWAP=SELL(0.45), EMA=SELL(0.65) [VETOED: long_only mode]",,,,,
2026-06-17T17:29:00+00:00,TFC,49.425,HOLD,0.265,"[HOLD conf=0.27] ORB=HOLD(0.00), VWAP=SELL(0.45), EMA=SELL(0.43) [VETOED: long_only mode]",,,,,
2026-06-17T17:29:00+00:00,WMT,118.29,HOLD,0.168,"[HOLD conf=0.17] ORB=SELL(0.78), VWAP=BUY(0.87), EMA=SELL(0.64) [VETOED: long_only mode]",,,,,
2026-06-17T17:29:00+00:00,AMD,525.305,HOLD,0.292,"[HOLD conf=0.29] ORB=HOLD(0.00), VWAP=BUY(0.45), EMA=BUY(0.54)",,,,,
2026-06-17T17:29:00+00:00,META,579.195,HOLD,0.148,"[HOLD conf=0.15] ORB=SELL(0.58), VWAP=BUY(0.62), EMA=SELL(0.53) [VETOED: long_only mode]",,,,,
2026-06-17T17:34:00+00:00,WMT,118.315,HOLD,0.179,"[HOLD conf=0.18] ORB=SELL(0.77), VWAP=BUY(0.82), EMA=SELL(0.63) [VETOED: long_only mode]",,,,,
2026-06-17T17:34:00+00:00,TFC,49.45,HOLD,0.263,"[HOLD conf=0.26] ORB=HOLD(0.00), VWAP=SELL(0.45), EMA=SELL(0.42) [VETOED: long_only mode]",,,,,
2026-06-17T17:34:00+00:00,FCX,72.06,HOLD,0.06,"[HOLD conf=0.06] ORB=HOLD(0.00), VWAP=SELL(0.52), EMA=BUY(0.49) [VETOED: long_only mode]",,,,,
2026-06-17T17:34:00+00:00,AMZN,239.805,HOLD,0.066,"[HOLD conf=0.07] ORB=SELL(0.54), VWAP=BUY(0.78), EMA=SELL(0.49) [VETOED: long_only mode]",,,,,
2026-06-17T17:34:00+00:00,AMD,524.18,HOLD,0.292,"[HOLD conf=0.29] ORB=HOLD(0.00), VWAP=BUY(0.45), EMA=BUY(0.54)",,,,,
2026-06-17T17:34:00+00:00,META,579.67,HOLD,0.16,"[HOLD conf=0.16] ORB=SELL(0.57), VWAP=BUY(0.55), EMA=SELL(0.50) [VETOED: long_only mode]",,,,,
2026-06-17T17:34:00+00:00,GOOGL,364.81,HOLD,0.268,"[HOLD conf=0.27] ORB=HOLD(0.00), VWAP=SELL(0.45), EMA=SELL(0.44) [VETOED: long_only mode]",,,,,
2026-06-17T17:34:00+00:00,XOM,140.985,HOLD,0.039,"[HOLD conf=0.04] ORB=HOLD(0.00), VWAP=BUY(0.61), EMA=SELL(0.70)",,,,,
2026-06-17T17:34:00+00:00,ABT,89.28,HOLD,0.168,"[HOLD conf=0.17] ORB=SELL(0.61), VWAP=BUY(0.63), EMA=SELL(0.58) [VETOED: long_only mode]",,,,,
2026-06-17T17:34:00+00:00,SLB,51.33,HOLD,0.318,"[HOLD conf=0.32] ORB=HOLD(0.00), VWAP=SELL(0.45), EMA=SELL(0.64) [VETOED: long_only mode]",,,,,
2026-06-17T17:34:00+00:00,TSLA,403.83,HOLD,0.511,"[HOLD conf=0.51] ORB=BUY(0.52), VWAP=BUY(0.45), EMA=BUY(0.58)",,,,,
2026-06-17T17:34:00+00:00,MU,1061.565,HOLD,0.32,"[HOLD conf=0.32] ORB=HOLD(0.00), VWAP=BUY(0.45), EMA=BUY(0.65)",,,,,
2026-06-17T17:34:00+00:00,KO,80.09,HOLD,0.472,"[HOLD conf=0.47] ORB=BUY(0.53), VWAP=BUY(0.45), EMA=BUY(0.41)",,,,,
2026-06-17T17:34:00+00:00,C,146.06,HOLD,0.28,"[HOLD conf=0.28] ORB=HOLD(0.00), VWAP=BUY(0.45), EMA=BUY(0.49)",,,,,
2026-06-17T17:39:00+00:00,TSLA,404.245,HOLD,0.519,"[HOLD conf=0.52] ORB=BUY(0.54), VWAP=BUY(0.45), EMA=BUY(0.58)",,,,,
2026-06-17T17:39:00+00:00,MU,1061.895,HOLD,0.32,"[HOLD conf=0.32] ORB=HOLD(0.00), VWAP=BUY(0.45), EMA=BUY(0.65)",,,,,
2026-06-17T17:39:00+00:00,AMZN,240.16,HOLD,0.127,"[HOLD conf=0.13] ORB=SELL(0.52), VWAP=BUY(0.56), EMA=SELL(0.46) [VETOED: long_only mode]",,,,,
2026-06-17T17:39:00+00:00,C,146.075,HOLD,0.28,"[HOLD conf=0.28] ORB=HOLD(0.00), VWAP=BUY(0.45), EMA=BUY(0.49) [VETOED: RSI overbought (75.0)]",,,,,
2026-06-17T17:39:00+00:00,TFC,49.46,HOLD,0.263,"[HOLD conf=0.26] ORB=HOLD(0.00), VWAP=SELL(0.45), EMA=SELL(0.42) [VETOED: long_only mode]",,,,,
2026-06-17T17:39:00+00:00,META,580.39,HOLD,0.493,"[HOLD conf=0.49] ORB=SELL(0.55), VWAP=SELL(0.45), EMA=SELL(0.46) [VETOED: long_only mode]",,,,,
2026-06-17T17:39:00+00:00,KO,80.085,HOLD,0.47,"[HOLD conf=0.47] ORB=BUY(0.53), VWAP=BUY(0.45), EMA=BUY(0.40)",,,,,
2026-06-17T17:39:00+00:00,SLB,51.3,HOLD,0.312,"[HOLD conf=0.31] ORB=HOLD(0.00), VWAP=SELL(0.45), EMA=SELL(0.62) [VETOED: long_only mode]",,,,,
2026-06-17T17:39:00+00:00,AMD,524.0,HOLD,0.292,"[HOLD conf=0.29] ORB=HOLD(0.00), VWAP=BUY(0.45), EMA=BUY(0.54)",,,,,
2026-06-17T17:39:00+00:00,WMT,118.51,HOLD,0.211,"[HOLD conf=0.21] ORB=SELL(0.73), VWAP=BUY(0.66), EMA=SELL(0.60) [VETOED: long_only mode]",,,,,
2026-06-17T17:39:00+00:00,FCX,72.11,HOLD,0.127,"[HOLD conf=0.13] ORB=BUY(0.51), VWAP=SELL(0.57), EMA=BUY(0.49)",,,,,
2026-06-17T17:39:00+00:00,D,68.08,HOLD,0.598,"[HOLD conf=0.60] ORB=SELL(0.77), VWAP=SELL(0.45), EMA=SELL(0.53) [VETOED: long_only mode]",,,,,
2026-06-17T17:39:00+00:00,ABT,89.15,HOLD,0.151,"[HOLD conf=0.15] ORB=SELL(0.63), VWAP=BUY(0.71), EMA=SELL(0.59) [VETOED: long_only mode]",,,,,
2026-06-17T17:39:00+00:00,GOOGL,364.95,HOLD,0.265,"[HOLD conf=0.27] ORB=HOLD(0.00), VWAP=SELL(0.45), EMA=SELL(0.43) [VETOED: long_only mode]",,,,,
2026-06-17T17:39:00+00:00,XOM,140.835,HOLD,0.122,"[HOLD conf=0.12] ORB=HOLD(0.00), VWAP=BUY(0.70), EMA=SELL(0.49)",,,,,
2026-06-17T17:44:00+00:00,AMZN,240.07,HOLD,0.111,"[HOLD conf=0.11] ORB=SELL(0.53), VWAP=BUY(0.61), EMA=SELL(0.45) [VETOED: long_only mode]",,,,,
2026-06-17T17:44:00+00:00,TFC,49.45,HOLD,0.26,"[HOLD conf=0.26] ORB=HOLD(0.00), VWAP=SELL(0.45), EMA=SELL(0.41) [VETOED: long_only mode]",,,,,
2026-06-17T17:44:00+00:00,ABT,89.065,HOLD,0.147,"[HOLD conf=0.15] ORB=SELL(0.65), VWAP=BUY(0.76), EMA=SELL(0.61) [VETOED: long_only mode]",,,,,
2026-06-17T17:44:00+00:00,AMD,522.705,HOLD,0.285,"[HOLD conf=0.28] ORB=HOLD(0.00), VWAP=BUY(0.45), EMA=BUY(0.51)",,,,,
2026-06-17T17:44:00+00:00,D,68.135,HOLD,0.501,"[HOLD conf=0.50] ORB=SELL(0.54), VWAP=SELL(0.45), EMA=SELL(0.51) [VETOED: long_only mode]",,,,,
2026-06-17T17:44:00+00:00,META,579.76,HOLD,0.149,"[HOLD conf=0.15] ORB=SELL(0.56), VWAP=BUY(0.53), EMA=SELL(0.44) [VETOED: long_only mode]",,,,,
2026-06-17T17:44:00+00:00,XOM,140.935,HOLD,0.058,"[HOLD conf=0.06] ORB=HOLD(0.00), VWAP=BUY(0.53), EMA=SELL(0.51)",,,,,
2026-06-17T17:44:00+00:00,KO,80.075,HOLD,0.195,"[HOLD conf=0.20] ORB=BUY(0.53), VWAP=BUY(0.45), EMA=SELL(0.70)",,,,,
2026-06-17T17:44:00+00:00,C,146.045,HOLD,0.277,"[HOLD conf=0.28] ORB=HOLD(0.00), VWAP=BUY(0.45), EMA=BUY(0.48) [VETOED: RSI overbought (74.6)]",,,,,
2026-06-17T17:44:00+00:00,FCX,72.22,HOLD,0.098,"[HOLD conf=0.10] ORB=BUY(0.52), VWAP=SELL(0.68), EMA=BUY(0.51)",,,,,
2026-06-17T17:44:00+00:00,TSLA,404.22,HOLD,0.516,"[HOLD conf=0.52] ORB=BUY(0.54), VWAP=BUY(0.45), EMA=BUY(0.57)",,,,,
2026-06-17T17:44:00+00:00,MU,1059.6,HOLD,0.32,"[HOLD conf=0.32] ORB=HOLD(0.00), VWAP=BUY(0.45), EMA=BUY(0.65)",,,,,
2026-06-17T17:44:00+00:00,WMT,118.49,HOLD,0.202,"[HOLD conf=0.20] ORB=SELL(0.73), VWAP=BUY(0.67), EMA=SELL(0.58) [VETOED: long_only mode]",,,,,
2026-06-17T17:44:00+00:00,SLB,51.29,HOLD,0.307,"[HOLD conf=0.31] ORB=HOLD(0.00), VWAP=SELL(0.45), EMA=SELL(0.60) [VETOED: long_only mode]",,,,,
2026-06-17T17:44:00+00:00,GOOGL,365.02,HOLD,0.263,"[HOLD conf=0.26] ORB=HOLD(0.00), VWAP=SELL(0.45), EMA=SELL(0.42) [VETOED: long_only mode]",,,,,
2026-06-17T17:49:00+00:00,TFC,49.465,HOLD,0.26,"[HOLD conf=0.26] ORB=HOLD(0.00), VWAP=SELL(0.45), EMA=SELL(0.41) [VETOED: long_only mode]",,,,,
2026-06-17T17:49:00+00:00,TSLA,403.895,HOLD,0.503,"[HOLD conf=0.50] ORB=BUY(0.52), VWAP=BUY(0.45), EMA=BUY(0.55)",,,,,
2026-06-17T17:49:00+00:00,GOOGL,365.19,HOLD,0.26,"[HOLD conf=0.26] ORB=HOLD(0.00), VWAP=SELL(0.45), EMA=SELL(0.41) [VETOED: long_only mode]",,,,,
2026-06-17T17:49:00+00:00,WMT,118.44,HOLD,0.194,"[HOLD conf=0.19] ORB=SELL(0.74), VWAP=BUY(0.70), EMA=SELL(0.57) [VETOED: long_only mode]",,,,,
2026-06-17T17:49:00+00:00,D,68.1,HOLD,0.507,"[HOLD conf=0.51] ORB=SELL(0.56), VWAP=SELL(0.45), EMA=SELL(0.50) [VETOED: long_only mode]",,,,,
2026-06-17T17:49:00+00:00,AMD,523.28,HOLD,0.282,"[HOLD conf=0.28] ORB=HOLD(0.00), VWAP=BUY(0.45), EMA=BUY(0.50)",,,,,
2026-06-17T17:49:00+00:00,AMZN,240.06,HOLD,0.109,"[HOLD conf=0.11] ORB=SELL(0.53), VWAP=BUY(0.61), EMA=SELL(0.44) [VETOED: long_only mode]",,,,,
2026-06-17T17:49:00+00:00,META,579.7,HOLD,0.146,"[HOLD conf=0.15] ORB=SELL(0.57), VWAP=BUY(0.54), EMA=SELL(0.43) [VETOED: long_only mode]",,,,,
2026-06-17T17:49:00+00:00,C,145.99,HOLD,0.275,"[HOLD conf=0.28] ORB=HOLD(0.00), VWAP=BUY(0.45), EMA=BUY(0.47)",,,,,
2026-06-17T17:49:00+00:00,MU,1061.495,HOLD,0.32,"[HOLD conf=0.32] ORB=HOLD(0.00), VWAP=BUY(0.45), EMA=BUY(0.65)",,,,,
2026-06-17T17:49:00+00:00,KO,80.12,HOLD,0.274,"[HOLD conf=0.27] ORB=BUY(0.54), VWAP=BUY(0.45), EMA=SELL(0.40)",,,,,
2026-06-17T17:49:00+00:00,XOM,140.915,HOLD,0.046,"[HOLD conf=0.05] ORB=HOLD(0.00), VWAP=BUY(0.51), EMA=SELL(0.53)",,,,,
2026-06-17T17:49:00+00:00,FCX,72.195,HOLD,0.111,"[HOLD conf=0.11] ORB=BUY(0.52), VWAP=SELL(0.65), EMA=BUY(0.52)",,,,,
2026-06-17T17:49:00+00:00,SLB,50.99,HOLD,0.166,"[HOLD conf=0.17] ORB=SELL(0.50), VWAP=BUY(0.56), EMA=SELL(0.65) [VETOED: long_only mode]",,,,,
2026-06-17T17:49:00+00:00,ABT,89.06,HOLD,0.153,"[HOLD conf=0.15] ORB=SELL(0.65), VWAP=BUY(0.75), EMA=SELL(0.62) [VETOED: long_only mode]",,,,,
2026-06-17T17:54:00+00:00,AMD,523.45,HOLD,0.28,"[HOLD conf=0.28] ORB=HOLD(0.00), VWAP=BUY(0.45), EMA=BUY(0.49)",,,,,
2026-06-17T17:54:00+00:00,KO,80.155,HOLD,0.552,"[HOLD conf=0.55] ORB=BUY(0.55), VWAP=BUY(0.45), EMA=BUY(0.70)",,,,,
2026-06-17T17:54:00+00:00,GOOGL,366.18,HOLD,0.402,"[HOLD conf=0.40] ORB=HOLD(0.00), VWAP=BUY(0.65), EMA=BUY(0.70)",,,,,
2026-06-17T17:54:00+00:00,AMZN,240.35,HOLD,0.464,"[HOLD conf=0.46] ORB=SELL(0.51), VWAP=SELL(0.45), EMA=SELL(0.41) [VETOED: long_only mode]",,,,,
2026-06-17T17:54:00+00:00,D,68.11,HOLD,0.578,"[HOLD conf=0.58] ORB=SELL(0.75), VWAP=SELL(0.45), EMA=SELL(0.48) [VETOED: long_only mode]",,,,,
2026-06-17T17:54:00+00:00,XOM,141.02,HOLD,0.29,"[HOLD conf=0.29] ORB=HOLD(0.00), VWAP=SELL(0.45), EMA=SELL(0.53) [VETOED: long_only mode]",,,,,
2026-06-17T17:54:00+00:00,META,580.64,HOLD,0.474,"[HOLD conf=0.47] ORB=SELL(0.54), VWAP=SELL(0.45), EMA=SELL(0.40) [VETOED: long_only mode]",,,,,
2026-06-17T17:54:00+00:00,C,146.11,HOLD,0.275,"[HOLD conf=0.28] ORB=HOLD(0.00), VWAP=BUY(0.45), EMA=BUY(0.47) [VETOED: RSI overbought (71.8)]",,,,,
2026-06-17T17:54:00+00:00,SLB,51.045,HOLD,0.32,"[HOLD conf=0.32] ORB=HOLD(0.00), VWAP=SELL(0.45), EMA=SELL(0.65) [VETOED: long_only mode]",,,,,
2026-06-17T17:54:00+00:00,TSLA,404.555,HOLD,0.522,"[HOLD conf=0.52] ORB=BUY(0.56), VWAP=BUY(0.45), EMA=BUY(0.56)",,,,,
2026-06-17T17:54:00+00:00,MU,1061.46,HOLD,0.315,"[HOLD conf=0.32] ORB=HOLD(0.00), VWAP=BUY(0.45), EMA=BUY(0.63)",,,,,
2026-06-17T17:54:00+00:00,WMT,118.5,HOLD,0.206,"[HOLD conf=0.21] ORB=SELL(0.73), VWAP=BUY(0.64), EMA=SELL(0.55) [VETOED: long_only mode]",,,,,
2026-06-17T17:54:00+00:00,ABT,89.03,HOLD,0.158,"[HOLD conf=0.16] ORB=SELL(0.65), VWAP=BUY(0.74), EMA=SELL(0.63) [VETOED: long_only mode]",,,,,
2026-06-17T17:54:00+00:00,TFC,49.495,HOLD,0.068,"[HOLD conf=0.07] ORB=HOLD(0.00), VWAP=SELL(0.45), EMA=BUY(0.90)",,,,,
2026-06-17T17:54:00+00:00,FCX,72.13,HOLD,0.132,"[HOLD conf=0.13] ORB=BUY(0.51), VWAP=SELL(0.57), EMA=BUY(0.51)",,,,,
2026-06-17T17:59:00+00:00,XOM,141.055,HOLD,0.29,"[HOLD conf=0.29] ORB=HOLD(0.00), VWAP=SELL(0.45), EMA=SELL(0.53) [VETOED: long_only mode]",,,,,
2026-06-17T17:59:00+00:00,META,580.48,HOLD,0.203,"[HOLD conf=0.20] ORB=SELL(0.55), VWAP=SELL(0.45), EMA=BUY(0.70) [VETOED: long_only mode]",,,,,
2026-06-17T17:59:00+00:00,KO,80.2,HOLD,0.488,"[HOLD conf=0.49] ORB=BUY(0.57), VWAP=BUY(0.45), EMA=BUY(0.41)",,,,,
2026-06-17T17:59:00+00:00,TFC,49.535,HOLD,0.332,"[HOLD conf=0.33] ORB=HOLD(0.00), VWAP=BUY(0.65), EMA=BUY(0.42) [VETOED: RSI overbought (80.3)]",,,,,
2026-06-17T17:59:00+00:00,WMT,118.33,HOLD,0.187,"[HOLD conf=0.19] ORB=SELL(0.77), VWAP=BUY(0.74), EMA=SELL(0.55) [VETOED: long_only mode]",,,,,
2026-06-17T17:59:00+00:00,TSLA,405.625,HOLD,0.199,"[HOLD conf=0.20] ORB=BUY(0.62), VWAP=SELL(0.56), EMA=BUY(0.59) [VETOED: RSI overbought (78.6)]",,,,,
2026-06-17T17:59:00+00:00,C,146.39,HOLD,0.068,"[HOLD conf=0.07] ORB=BUY(0.52), VWAP=SELL(0.75), EMA=BUY(0.49) [VETOED: RSI overbought (71.6)]",,,,,
2026-06-17T17:59:00+00:00,AMD,524.01,HOLD,0.282,"[HOLD conf=0.28] ORB=HOLD(0.00), VWAP=BUY(0.45), EMA=BUY(0.50)",,,,,
2026-06-17T17:59:00+00:00,ABT,89.02,HOLD,0.162,"[HOLD conf=0.16] ORB=SELL(0.65), VWAP=BUY(0.73), EMA=SELL(0.63) [VETOED: long_only mode]",,,,,
2026-06-17T17:59:00+00:00,SLB,51.06,HOLD,0.32,"[HOLD conf=0.32] ORB=HOLD(0.00), VWAP=SELL(0.45), EMA=SELL(0.65) [VETOED: long_only mode]",,,,,
2026-06-17T17:59:00+00:00,GOOGL,366.42,HOLD,0.273,"[HOLD conf=0.27] ORB=HOLD(0.00), VWAP=BUY(0.45), EMA=BUY(0.46)",,,,,
2026-06-17T17:59:00+00:00,D,68.155,HOLD,0.567,"[HOLD conf=0.57] ORB=SELL(0.73), VWAP=SELL(0.45), EMA=SELL(0.47) [VETOED: long_only mode]",,,,,
2026-06-17T17:59:00+00:00,MU,1066.58,HOLD,0.186,"[HOLD conf=0.19] ORB=BUY(0.53), VWAP=SELL(0.54), EMA=BUY(0.65)",,,,,
2026-06-17T17:59:00+00:00,AMZN,240.56,HOLD,0.183,"[HOLD conf=0.18] ORB=SELL(0.50), VWAP=SELL(0.45), EMA=BUY(0.70) [VETOED: long_only mode]",,,,,
2026-06-17T17:59:00+00:00,FCX,72.24,HOLD,0.104,"[HOLD conf=0.10] ORB=BUY(0.53), VWAP=SELL(0.68), EMA=BUY(0.52)",,,,,
2026-06-17T18:04:00+00:00,SLB,50.62,HOLD,0.113,"[HOLD conf=0.11] ORB=SELL(0.55), VWAP=BUY(0.77), EMA=SELL(0.65) [VETOED: long_only mode]",,,,,
2026-06-17T18:04:00+00:00,GOOGL,364.65,HOLD,0.12,"[HOLD conf=0.12] ORB=HOLD(0.00), VWAP=SELL(0.65), EMA=BUY(0.43) [VETOED: long_only mode]",,,,,
2026-06-17T18:04:00+00:00,TSLA,400.12,HOLD,0.115,"[HOLD conf=0.12] ORB=HOLD(0.00), VWAP=SELL(0.65), EMA=BUY(0.45) [VETOED: long_only mode]",,,,,
2026-06-17T18:04:00+00:00,KO,80.04,HOLD,0.22,"[HOLD conf=0.22] ORB=BUY(0.72), VWAP=BUY(0.45), EMA=SELL(0.90)",,,,,
2026-06-17T18:04:00+00:00,MU,1043.61,HOLD,0.117,"[HOLD conf=0.12] ORB=HOLD(0.00), VWAP=SELL(0.65), EMA=BUY(0.44) [VETOED: long_only mode]",,,,,
2026-06-17T18:04:00+00:00,FCX,70.83,HOLD,0.091,"[HOLD conf=0.09] ORB=HOLD(0.00), VWAP=BUY(0.76), EMA=SELL(0.70)",,,,,
2026-06-17T18:04:00+00:00,C,145.44,HOLD,0.12,"[HOLD conf=0.12] ORB=HOLD(0.00), VWAP=SELL(0.65), EMA=BUY(0.43) [VETOED: long_only mode]",,,,,
2026-06-17T18:04:00+00:00,D,67.93,HOLD,0.194,"[HOLD conf=0.19] ORB=SELL(0.66), VWAP=BUY(0.55), EMA=SELL(0.49) [VETOED: long_only mode]",,,,,
2026-06-17T18:04:00+00:00,XOM,140.93,HOLD,0.29,"[HOLD conf=0.29] ORB=HOLD(0.00), VWAP=SELL(0.45), EMA=SELL(0.53) [VETOED: long_only mode]",,,,,
2026-06-17T18:04:00+00:00,TFC,49.18,HOLD,0.265,"[HOLD conf=0.27] ORB=SELL(0.73), VWAP=BUY(0.72), EMA=SELL(0.90) [VETOED: long_only mode]",,,,,
2026-06-17T18:04:00+00:00,AMZN,238.8,HOLD,0.083,"[HOLD conf=0.08] ORB=SELL(0.60), VWAP=BUY(0.95), EMA=SELL(0.70) [VETOED: long_only mode]",,,,,
2026-06-17T18:04:00+00:00,WMT,117.915,HOLD,0.135,"[HOLD conf=0.14] ORB=SELL(0.80), VWAP=BUY(0.95), EMA=SELL(0.59) [VETOED: long_only mode]",,,,,
2026-06-17T18:04:00+00:00,AMD,515.655,HOLD,0.402,"[HOLD conf=0.40] ORB=HOLD(0.00), VWAP=SELL(0.65), EMA=SELL(0.70) [VETOED: long_only mode]",,,,,
2026-06-17T18:04:00+00:00,META,576.585,HOLD,0.153,"[HOLD conf=0.15] ORB=SELL(0.65), VWAP=BUY(0.95), EMA=SELL(0.90) [VETOED: long_only mode]",,,,,
2026-06-17T18:04:00+00:00,ABT,88.415,HOLD,0.214,"[HOLD conf=0.21] ORB=SELL(0.96), VWAP=BUY(0.95), EMA=SELL(0.65) [VETOED: long_only mode]",,,,,
2026-06-17T18:09:00+00:00,ABT,88.35,HOLD,0.218,"[HOLD conf=0.22] ORB=SELL(0.97), VWAP=BUY(0.95), EMA=SELL(0.65) [VETOED: long_only mode]",,,,,
2026-06-17T18:09:00+00:00,GOOGL,365.36,HOLD,0.05,"[HOLD conf=0.05] ORB=HOLD(0.00), VWAP=SELL(0.45), EMA=BUY(0.43) [VETOED: long_only mode]",,,,,
2026-06-17T18:09:00+00:00,AMZN,239.28,HOLD,0.093,"[HOLD conf=0.09] ORB=SELL(0.77), VWAP=BUY(0.95), EMA=SELL(0.47) [VETOED: long_only mode]",,,,,
2026-06-17T18:09:00+00:00,TFC,49.245,HOLD,0.062,"[HOLD conf=0.06] ORB=HOLD(0.00), VWAP=BUY(0.52), EMA=SELL(0.48)",,,,,
2026-06-17T18:09:00+00:00,FCX,70.885,HOLD,0.042,"[HOLD conf=0.04] ORB=HOLD(0.00), VWAP=BUY(0.57), EMA=SELL(0.63)",,,,,
2026-06-17T18:09:00+00:00,C,145.945,HOLD,0.335,"[HOLD conf=0.34] ORB=HOLD(0.00), VWAP=BUY(0.65), EMA=BUY(0.43)",,,,,
2026-06-17T18:09:00+00:00,SLB,50.785,HOLD,0.161,"[HOLD conf=0.16] ORB=SELL(0.53), VWAP=BUY(0.61), EMA=SELL(0.65) [VETOED: long_only mode]",,,,,
2026-06-17T18:09:00+00:00,META,576.205,HOLD,0.137,"[HOLD conf=0.14] ORB=SELL(0.86), VWAP=BUY(0.95), EMA=SELL(0.50) [VETOED: long_only mode]",,,,,
2026-06-17T18:09:00+00:00,MU,1058.9,HOLD,0.337,"[HOLD conf=0.34] ORB=HOLD(0.00), VWAP=BUY(0.65), EMA=BUY(0.44)",,,,,
2026-06-17T18:09:00+00:00,KO,79.985,HOLD,0.253,"[HOLD conf=0.25] ORB=BUY(0.50), VWAP=BUY(0.45), EMA=SELL(0.42)",,,,,
2026-06-17T18:09:00+00:00,WMT,117.75,HOLD,0.223,"[HOLD conf=0.22] ORB=SELL(1.00), VWAP=BUY(0.95), EMA=SELL(0.62) [VETOED: long_only mode]",,,,,
2026-06-17T18:09:00+00:00,TSLA,401.73,HOLD,0.328,"[HOLD conf=0.33] ORB=HOLD(0.00), VWAP=BUY(0.65), EMA=BUY(0.40)",,,,,
2026-06-17T18:09:00+00:00,D,68.065,HOLD,0.59,"[HOLD conf=0.59] ORB=SELL(0.78), VWAP=SELL(0.45), EMA=SELL(0.48) [VETOED: long_only mode]",,,,,
2026-06-17T18:09:00+00:00,AMD,520.27,HOLD,0.102,"[HOLD conf=0.10] ORB=HOLD(0.00), VWAP=BUY(0.65), EMA=SELL(0.50)",,,,,
2026-06-17T18:09:00+00:00,XOM,141.1,HOLD,0.287,"[HOLD conf=0.29] ORB=HOLD(0.00), VWAP=SELL(0.45), EMA=SELL(0.52) [VETOED: long_only mode]",,,,,
2026-06-17T18:14:00+00:00,KO,79.985,HOLD,0.328,"[HOLD conf=0.33] ORB=BUY(0.70), VWAP=BUY(0.45), EMA=SELL(0.44)",,,,,
2026-06-17T18:14:00+00:00,C,145.73,HOLD,0.26,"[HOLD conf=0.26] ORB=HOLD(0.00), VWAP=BUY(0.45), EMA=BUY(0.41)",,,,,
2026-06-17T18:14:00+00:00,MU,1058.18,HOLD,0.265,"[HOLD conf=0.27] ORB=HOLD(0.00), VWAP=BUY(0.45), EMA=BUY(0.43)",,,,,
2026-06-17T18:14:00+00:00,META,576.815,HOLD,0.068,"[HOLD conf=0.07] ORB=SELL(0.64), VWAP=BUY(0.91), EMA=SELL(0.52) [VETOED: long_only mode]",,,,,
2026-06-17T18:14:00+00:00,TFC,49.125,HOLD,0.097,"[HOLD conf=0.10] ORB=SELL(0.55), VWAP=BUY(0.73), EMA=SELL(0.53) [VETOED: long_only mode]",,,,,
2026-06-17T18:14:00+00:00,SLB,50.73,HOLD,0.158,"[HOLD conf=0.16] ORB=SELL(0.54), VWAP=BUY(0.63), EMA=SELL(0.65) [VETOED: long_only mode]",,,,,
2026-06-17T18:14:00+00:00,TSLA,402.37,HOLD,0.068,"[HOLD conf=0.07] ORB=HOLD(0.00), VWAP=BUY(0.45), EMA=SELL(0.90) [VETOED: long_only mode]",,,,,
2026-06-17T18:14:00+00:00,AMD,520.91,HOLD,0.03,"[HOLD conf=0.03] ORB=HOLD(0.00), VWAP=BUY(0.45), EMA=SELL(0.51)",,,,,
2026-06-17T18:14:00+00:00,ABT,88.135,HOLD,0.15,"[HOLD conf=0.15] ORB=SELL(0.80), VWAP=BUY(0.95), EMA=SELL(0.65) [VETOED: long_only mode]",,,,,
2026-06-17T18:14:00+00:00,AMZN,239.55,HOLD,0.055,"[HOLD conf=0.06] ORB=SELL(0.56), VWAP=BUY(0.82), EMA=SELL(0.47) [VETOED: long_only mode]",,,,,
2026-06-17T18:14:00+00:00,GOOGL,366.25,HOLD,0.342,"[HOLD conf=0.34] ORB=HOLD(0.00), VWAP=BUY(0.65), EMA=BUY(0.46)",,,,,
2026-06-17T18:14:00+00:00,D,68.08,HOLD,0.583,"[HOLD conf=0.58] ORB=SELL(0.77), VWAP=SELL(0.45), EMA=SELL(0.47) [VETOED: long_only mode]",,,,,
2026-06-17T18:14:00+00:00,XOM,140.98,HOLD,0.287,"[HOLD conf=0.29] ORB=HOLD(0.00), VWAP=SELL(0.45), EMA=SELL(0.52) [VETOED: long_only mode]",,,,,
2026-06-17T18:14:00+00:00,FCX,70.98,HOLD,0.32,"[HOLD conf=0.32] ORB=HOLD(0.00), VWAP=SELL(0.45), EMA=SELL(0.65) [VETOED: long_only mode]",,,,,
2026-06-17T18:14:00+00:00,WMT,117.855,HOLD,0.176,"[HOLD conf=0.18] ORB=SELL(0.80), VWAP=BUY(0.87), EMA=SELL(0.64) [VETOED: long_only mode]",,,,,
2026-06-17T18:19:00+00:00,FCX,71.265,HOLD,0.32,"[HOLD conf=0.32] ORB=HOLD(0.00), VWAP=SELL(0.45), EMA=SELL(0.65) [VETOED: long_only mode]",,,,,
2026-06-17T18:19:00+00:00,WMT,118.02,HOLD,0.219,"[HOLD conf=0.22] ORB=SELL(0.80), VWAP=BUY(0.74), EMA=SELL(0.63) [VETOED: long_only mode]",,,,,
2026-06-17T18:19:00+00:00,GOOGL,365.88,HOLD,0.275,"[HOLD conf=0.28] ORB=HOLD(0.00), VWAP=BUY(0.45), EMA=BUY(0.47)",,,,,
2026-06-17T18:19:00+00:00,D,68.005,HOLD,0.599,"[HOLD conf=0.60] ORB=SELL(0.81), VWAP=SELL(0.45), EMA=SELL(0.47) [VETOED: long_only mode]",,,,,
2026-06-17T18:19:00+00:00,C,145.91,HOLD,0.258,"[HOLD conf=0.26] ORB=HOLD(0.00), VWAP=BUY(0.45), EMA=BUY(0.40)",,,,,
2026-06-17T18:19:00+00:00,KO,79.97,HOLD,0.045,"[HOLD conf=0.04] ORB=HOLD(0.00), VWAP=BUY(0.45), EMA=SELL(0.45)",,,,,
2026-06-17T18:19:00+00:00,META,577.85,HOLD,0.118,"[HOLD conf=0.12] ORB=SELL(0.61), VWAP=BUY(0.73), EMA=SELL(0.52) [VETOED: long_only mode]",,,,,
2026-06-17T18:19:00+00:00,AMD,522.31,HOLD,0.038,"[HOLD conf=0.04] ORB=HOLD(0.00), VWAP=BUY(0.45), EMA=SELL(0.48)",,,,,
2026-06-17T18:19:00+00:00,TFC,49.185,HOLD,0.143,"[HOLD conf=0.14] ORB=SELL(0.52), VWAP=BUY(0.58), EMA=SELL(0.55) [VETOED: long_only mode]",,,,,
2026-06-17T18:19:00+00:00,AMZN,239.875,HOLD,0.114,"[HOLD conf=0.11] ORB=SELL(0.54), VWAP=BUY(0.62), EMA=SELL(0.46) [VETOED: long_only mode]",,,,,
2026-06-17T18:19:00+00:00,TSLA,402.97,HOLD,0.053,"[HOLD conf=0.05] ORB=HOLD(0.00), VWAP=BUY(0.45), EMA=SELL(0.42)",,,,,
2026-06-17T18:19:00+00:00,SLB,51.035,HOLD,0.32,"[HOLD conf=0.32] ORB=HOLD(0.00), VWAP=SELL(0.45), EMA=SELL(0.65) [VETOED: long_only mode]",,,,,
2026-06-17T18:19:00+00:00,ABT,88.55,HOLD,0.269,"[HOLD conf=0.27] ORB=SELL(0.94), VWAP=BUY(0.77), EMA=SELL(0.65) [VETOED: long_only mode]",,,,,
2026-06-17T18:19:00+00:00,MU,1065.59,HOLD,0.491,"[HOLD conf=0.49] ORB=BUY(0.52), VWAP=BUY(0.45), EMA=BUY(0.50)",,,,,
2026-06-17T18:24:00+00:00,META,575.63,HOLD,0.073,"[HOLD conf=0.07] ORB=SELL(0.67), VWAP=BUY(0.95), EMA=SELL(0.55) [VETOED: long_only mode]",,,,,
2026-06-17T18:24:00+00:00,TSLA,401.73,HOLD,0.045,"[HOLD conf=0.04] ORB=HOLD(0.00), VWAP=BUY(0.45), EMA=SELL(0.45)",,,,,
2026-06-17T18:24:00+00:00,AMD,518.17,HOLD,0.365,"[HOLD conf=0.36] ORB=HOLD(0.00), VWAP=SELL(0.65), EMA=SELL(0.55) [VETOED: long_only mode]",,,,,
2026-06-17T18:24:00+00:00,SLB,50.83,HOLD,0.272,"[HOLD conf=0.27] ORB=SELL(0.73), VWAP=BUY(0.52), EMA=SELL(0.65) [VETOED: long_only mode]",,,,,
2026-06-17T18:24:00+00:00,ABT,88.46,HOLD,0.183,"[HOLD conf=0.18] ORB=SELL(0.75), VWAP=BUY(0.80), EMA=SELL(0.65) [VETOED: long_only mode]",,,,,
2026-06-17T18:24:00+00:00,FCX,70.89,HOLD,0.32,"[HOLD conf=0.32] ORB=HOLD(0.00), VWAP=SELL(0.45), EMA=SELL(0.65) [VETOED: long_only mode]",,,,,
2026-06-17T18:24:00+00:00,C,145.87,HOLD,0.258,"[HOLD conf=0.26] ORB=HOLD(0.00), VWAP=BUY(0.45), EMA=BUY(0.40)",,,,,
2026-06-17T18:24:00+00:00,KO,80.055,HOLD,0.256,"[HOLD conf=0.26] ORB=BUY(0.52), VWAP=BUY(0.45), EMA=SELL(0.44)",,,,,
2026-06-17T18:24:00+00:00,WMT,118.0,HOLD,0.216,"[HOLD conf=0.22] ORB=SELL(0.80), VWAP=BUY(0.74), EMA=SELL(0.62) [VETOED: long_only mode]",,,,,
2026-06-17T18:24:00+00:00,D,68.025,HOLD,0.595,"[HOLD conf=0.59] ORB=SELL(0.80), VWAP=SELL(0.45), EMA=SELL(0.47) [VETOED: long_only mode]",,,,,
2026-06-17T18:24:00+00:00,TFC,49.14,HOLD,0.135,"[HOLD conf=0.14] ORB=SELL(0.54), VWAP=BUY(0.64), EMA=SELL(0.57) [VETOED: long_only mode]",,,,,
2026-06-17T18:24:00+00:00,MU,1054.48,HOLD,0.265,"[HOLD conf=0.27] ORB=HOLD(0.00), VWAP=BUY(0.45), EMA=BUY(0.43)",,,,,
2026-06-17T18:24:00+00:00,XOM,140.8,HOLD,0.046,"[HOLD conf=0.05] ORB=HOLD(0.00), VWAP=BUY(0.51), EMA=SELL(0.53)",,,,,
2026-06-17T18:24:00+00:00,AMZN,239.3,HOLD,0.013,"[HOLD conf=0.01] ORB=SELL(0.57), VWAP=BUY(0.95), EMA=SELL(0.47) [VETOED: long_only mode]",,,,,
2026-06-17T18:24:00+00:00,GOOGL,365.245,HOLD,0.115,"[HOLD conf=0.12] ORB=HOLD(0.00), VWAP=SELL(0.65), EMA=BUY(0.45) [VETOED: long_only mode]",,,,,
2026-06-17T18:29:00+00:00,ABT,88.43,HOLD,0.19,"[HOLD conf=0.19] ORB=SELL(0.76), VWAP=BUY(0.79), EMA=SELL(0.65) [VETOED: long_only mode]",,,,,
2026-06-17T18:29:00+00:00,FCX,70.86,HOLD,0.32,"[HOLD conf=0.32] ORB=HOLD(0.00), VWAP=SELL(0.45), EMA=SELL(0.65) [VETOED: long_only mode]",,,,,
2026-06-17T18:29:00+00:00,TFC,49.07,HOLD,0.126,"[HOLD conf=0.13] ORB=SELL(0.58), VWAP=BUY(0.73), EMA=SELL(0.60) [VETOED: long_only mode]",,,,,
2026-06-17T18:29:00+00:00,D,68.015,HOLD,0.519,"[HOLD conf=0.52] ORB=SELL(0.61), VWAP=SELL(0.45), EMA=SELL(0.47) [VETOED: long_only mode]",,,,,
2026-06-17T18:29:00+00:00,MU,1055.88,HOLD,0.017,"[HOLD conf=0.02] ORB=HOLD(0.00), VWAP=BUY(0.45), EMA=SELL(0.70) [VETOED: long_only mode]",,,,,
2026-06-17T18:29:00+00:00,AMZN,239.36,HOLD,0.026,"[HOLD conf=0.03] ORB=SELL(0.57), VWAP=BUY(0.92), EMA=SELL(0.48) [VETOED: long_only mode]",,,,,
2026-06-17T18:29:00+00:00,SLB,50.77,HOLD,0.265,"[HOLD conf=0.27] ORB=SELL(0.73), VWAP=BUY(0.54), EMA=SELL(0.65) [VETOED: long_only mode]",,,,,
2026-06-17T18:29:00+00:00,TSLA,401.4,HOLD,0.038,"[HOLD conf=0.04] ORB=HOLD(0.00), VWAP=BUY(0.45), EMA=SELL(0.48)",,,,,
2026-06-17T18:29:00+00:00,AMD,519.58,HOLD,0.297,"[HOLD conf=0.30] ORB=HOLD(0.00), VWAP=SELL(0.45), EMA=SELL(0.56) [VETOED: long_only mode]",,,,,
2026-06-17T18:29:00+00:00,C,145.845,HOLD,0.017,"[HOLD conf=0.02] ORB=HOLD(0.00), VWAP=BUY(0.45), EMA=SELL(0.70) [VETOED: long_only mode]",,,,,
2026-06-17T18:29:00+00:00,META,575.865,HOLD,0.078,"[HOLD conf=0.08] ORB=SELL(0.67), VWAP=BUY(0.95), EMA=SELL(0.57) [VETOED: long_only mode]",,,,,
2026-06-17T18:29:00+00:00,GOOGL,365.65,HOLD,0.34,"[HOLD conf=0.34] ORB=HOLD(0.00), VWAP=BUY(0.65), EMA=BUY(0.45)",,,,,
2026-06-17T18:29:00+00:00,XOM,140.83,HOLD,0.29,"[HOLD conf=0.29] ORB=HOLD(0.00), VWAP=SELL(0.45), EMA=SELL(0.53) [VETOED: long_only mode]",,,,,
2026-06-17T18:29:00+00:00,WMT,117.925,HOLD,0.203,"[HOLD conf=0.20] ORB=SELL(0.80), VWAP=BUY(0.77), EMA=SELL(0.61) [VETOED: long_only mode]",,,,,
2026-06-17T18:29:00+00:00,KO,80.005,HOLD,0.252,"[HOLD conf=0.25] ORB=BUY(0.51), VWAP=BUY(0.45), EMA=SELL(0.44)",,,,,
2026-06-17T18:34:00+00:00,D,68.13,HOLD,0.566,"[HOLD conf=0.57] ORB=SELL(0.74), VWAP=SELL(0.45), EMA=SELL(0.45) [VETOED: long_only mode]",,,,,
2026-06-17T18:34:00+00:00,C,145.74,HOLD,0.053,"[HOLD conf=0.05] ORB=HOLD(0.00), VWAP=BUY(0.45), EMA=SELL(0.42)",,,,,
2026-06-17T18:34:00+00:00,SLB,51.08,HOLD,0.32,"[HOLD conf=0.32] ORB=HOLD(0.00), VWAP=SELL(0.45), EMA=SELL(0.65) [VETOED: long_only mode]",,,,,
2026-06-17T18:34:00+00:00,AMD,520.6,HOLD,0.09,"[HOLD conf=0.09] ORB=HOLD(0.00), VWAP=BUY(0.65), EMA=SELL(0.55)",,,,,
2026-06-17T18:34:00+00:00,MU,1056.36,HOLD,0.053,"[HOLD conf=0.05] ORB=HOLD(0.00), VWAP=BUY(0.45), EMA=SELL(0.42)",,,,,
2026-06-17T18:34:00+00:00,ABT,88.245,HOLD,0.254,"[HOLD conf=0.25] ORB=SELL(0.99), VWAP=BUY(0.87), EMA=SELL(0.65) [VETOED: long_only mode]",,,,,
2026-06-17T18:34:00+00:00,AMZN,238.815,HOLD,0.115,"[HOLD conf=0.12] ORB=SELL(0.80), VWAP=BUY(0.95), EMA=SELL(0.51) [VETOED: long_only mode]",,,,,
2026-06-17T18:34:00+00:00,XOM,141.17,HOLD,0.285,"[HOLD conf=0.28] ORB=HOLD(0.00), VWAP=SELL(0.45), EMA=SELL(0.51) [VETOED: long_only mode]",,,,,
2026-06-17T18:34:00+00:00,WMT,117.935,HOLD,0.21,"[HOLD conf=0.21] ORB=SELL(0.80), VWAP=BUY(0.75), EMA=SELL(0.61) [VETOED: long_only mode]",,,,,
2026-06-17T18:34:00+00:00,FCX,70.73,HOLD,0.32,"[HOLD conf=0.32] ORB=HOLD(0.00), VWAP=SELL(0.45), EMA=SELL(0.65) [VETOED: long_only mode]",,,,,
2026-06-17T18:34:00+00:00,META,574.14,HOLD,0.187,"[HOLD conf=0.19] ORB=SELL(0.91), VWAP=BUY(0.95), EMA=SELL(0.62) [VETOED: long_only mode]",,,,,
2026-06-17T18:34:00+00:00,TSLA,400.64,HOLD,0.36,"[HOLD conf=0.36] ORB=HOLD(0.00), VWAP=SELL(0.65), EMA=SELL(0.53) [VETOED: long_only mode]",,,,,
2026-06-17T18:34:00+00:00,GOOGL,365.185,HOLD,0.12,"[HOLD conf=0.12] ORB=HOLD(0.00), VWAP=SELL(0.65), EMA=BUY(0.43) [VETOED: long_only mode]",,,,,
2026-06-17T18:34:00+00:00,KO,80.035,HOLD,0.336,"[HOLD conf=0.34] ORB=BUY(0.72), VWAP=BUY(0.45), EMA=SELL(0.44)",,,,,
2026-06-17T18:34:00+00:00,TFC,48.97,HOLD,0.198,"[HOLD conf=0.20] ORB=SELL(0.82), VWAP=BUY(0.83), EMA=SELL(0.64) [VETOED: long_only mode]",,,,,
2026-06-17T18:39:00+00:00,TSLA,402.61,HOLD,0.102,"[HOLD conf=0.10] ORB=HOLD(0.00), VWAP=BUY(0.65), EMA=SELL(0.50)",,,,,
2026-06-17T18:39:00+00:00,AMZN,239.21,HOLD,0.027,"[HOLD conf=0.03] ORB=SELL(0.58), VWAP=BUY(0.95), EMA=SELL(0.51) [VETOED: long_only mode]",,,,,
2026-06-17T18:39:00+00:00,KO,80.065,HOLD,0.262,"[HOLD conf=0.26] ORB=BUY(0.53), VWAP=BUY(0.45), EMA=SELL(0.43)",,,,,
2026-06-17T18:39:00+00:00,MU,1067.97,HOLD,0.332,"[HOLD conf=0.33] ORB=BUY(0.74), VWAP=SELL(0.54), EMA=BUY(0.90)",,,,,
2026-06-17T18:39:00+00:00,C,146.36,HOLD,0.128,"[HOLD conf=0.13] ORB=BUY(0.52), VWAP=SELL(0.73), EMA=BUY(0.70)",,,,,
2026-06-17T18:39:00+00:00,ABT,88.46,HOLD,0.211,"[HOLD conf=0.21] ORB=SELL(0.75), VWAP=BUY(0.72), EMA=SELL(0.65) [VETOED: long_only mode]",,,,,
2026-06-17T18:39:00+00:00,SLB,51.53,HOLD,0.29,"[HOLD conf=0.29] ORB=HOLD(0.00), VWAP=SELL(0.45), EMA=SELL(0.53) [VETOED: long_only mode]",,,,,
2026-06-17T18:39:00+00:00,WMT,118.015,HOLD,0.226,"[HOLD conf=0.23] ORB=SELL(0.80), VWAP=BUY(0.69), EMA=SELL(0.59) [VETOED: long_only mode]",,,,,
2026-06-17T18:39:00+00:00,META,574.31,HOLD,0.192,"[HOLD conf=0.19] ORB=SELL(0.91), VWAP=BUY(0.95), EMA=SELL(0.64) [VETOED: long_only mode]",,,,,
2026-06-17T18:39:00+00:00,FCX,71.32,HOLD,0.32,"[HOLD conf=0.32] ORB=HOLD(0.00), VWAP=SELL(0.45), EMA=SELL(0.65) [VETOED: long_only mode]",,,,,
2026-06-17T18:39:00+00:00,AMD,525.32,HOLD,0.048,"[HOLD conf=0.05] ORB=HOLD(0.00), VWAP=BUY(0.45), EMA=SELL(0.44)",,,,,
2026-06-17T18:39:00+00:00,D,68.39,HOLD,0.453,"[HOLD conf=0.45] ORB=HOLD(0.00), VWAP=BUY(0.65), EMA=BUY(0.90)",,,,,
2026-06-17T18:39:00+00:00,GOOGL,365.59,HOLD,0.337,"[HOLD conf=0.34] ORB=HOLD(0.00), VWAP=BUY(0.65), EMA=BUY(0.44)",,,,,
2026-06-17T18:39:00+00:00,XOM,141.23,HOLD,0.277,"[HOLD conf=0.28] ORB=HOLD(0.00), VWAP=SELL(0.45), EMA=SELL(0.48) [VETOED: long_only mode]",,,,,
2026-06-17T18:39:00+00:00,TFC,49.175,HOLD,0.604,"[HOLD conf=0.60] ORB=SELL(0.73), VWAP=SELL(0.45), EMA=SELL(0.62) [VETOED: long_only mode]",,,,,
2026-06-17T18:44:00+00:00,TFC,49.205,HOLD,0.513,"[HOLD conf=0.51] ORB=SELL(0.52), VWAP=SELL(0.45), EMA=SELL(0.59) [VETOED: long_only mode]",,,,,
2026-06-17T18:44:00+00:00,AMD,532.345,HOLD,0.193,"[HOLD conf=0.19] ORB=BUY(0.75), VWAP=SELL(0.95), EMA=BUY(0.90)",,,,,
2026-06-17T18:44:00+00:00,SLB,51.46,HOLD,0.268,"[HOLD conf=0.27] ORB=HOLD(0.00), VWAP=SELL(0.45), EMA=SELL(0.44) [VETOED: long_only mode]",,,,,
2026-06-17T18:44:00+00:00,AMZN,239.76,HOLD,0.123,"[HOLD conf=0.12] ORB=SELL(0.55), VWAP=BUY(0.62), EMA=SELL(0.48) [VETOED: long_only mode]",,,,,
2026-06-17T18:44:00+00:00,WMT,117.91,HOLD,0.206,"[HOLD conf=0.21] ORB=SELL(0.80), VWAP=BUY(0.74), EMA=SELL(0.58) [VETOED: long_only mode]",,,,,
2026-06-17T18:44:00+00:00,META,575.57,HOLD,0.212,"[HOLD conf=0.21] ORB=SELL(0.87), VWAP=BUY(0.84), EMA=SELL(0.63) [VETOED: long_only mode]",,,,,
2026-06-17T18:44:00+00:00,KO,79.93,HOLD,0.045,"[HOLD conf=0.04] ORB=HOLD(0.00), VWAP=BUY(0.45), EMA=SELL(0.45)",,,,,
2026-06-17T18:44:00+00:00,XOM,140.99,HOLD,0.277,"[HOLD conf=0.28] ORB=HOLD(0.00), VWAP=SELL(0.45), EMA=SELL(0.48) [VETOED: long_only mode]",,,,,
2026-06-17T18:44:00+00:00,TSLA,403.865,HOLD,0.253,"[HOLD conf=0.25] ORB=BUY(0.52), VWAP=BUY(0.45), EMA=SELL(0.45)",,,,,
2026-06-17T18:44:00+00:00,ABT,88.39,HOLD,0.208,"[HOLD conf=0.21] ORB=SELL(0.76), VWAP=BUY(0.74), EMA=SELL(0.65) [VETOED: long_only mode]",,,,,
2026-06-17T18:44:00+00:00,D,68.44,HOLD,0.273,"[HOLD conf=0.27] ORB=HOLD(0.00), VWAP=BUY(0.45), EMA=BUY(0.46)",,,,,
2026-06-17T18:44:00+00:00,FCX,71.65,HOLD,0.065,"[HOLD conf=0.07] ORB=HOLD(0.00), VWAP=BUY(0.65), EMA=SELL(0.65)",,,,,
2026-06-17T18:44:00+00:00,MU,1088.0,HOLD,0.174,"[HOLD conf=0.17] ORB=BUY(0.86), VWAP=SELL(0.95), EMA=BUY(0.65)",,,,,
2026-06-17T18:44:00+00:00,GOOGL,366.6,HOLD,0.275,"[HOLD conf=0.28] ORB=HOLD(0.00), VWAP=BUY(0.45), EMA=BUY(0.47)",,,,,
2026-06-17T18:49:00+00:00,AMZN,239.255,HOLD,0.026,"[HOLD conf=0.03] ORB=SELL(0.58), VWAP=BUY(0.93), EMA=SELL(0.48) [VETOED: long_only mode]",,,,,
2026-06-17T18:49:00+00:00,AMD,530.0,HOLD,0.181,"[HOLD conf=0.18] ORB=BUY(0.71), VWAP=SELL(0.76), EMA=BUY(0.65)",,,,,
2026-06-17T18:49:00+00:00,META,574.86,HOLD,0.111,"[HOLD conf=0.11] ORB=SELL(0.69), VWAP=BUY(0.92), EMA=SELL(0.63) [VETOED: long_only mode]",,,,,
2026-06-17T18:49:00+00:00,WMT,117.77,HOLD,0.184,"[HOLD conf=0.18] ORB=SELL(0.80), VWAP=BUY(0.81), EMA=SELL(0.59) [VETOED: long_only mode]",,,,,
2026-06-17T18:49:00+00:00,MU,1088.72,HOLD,0.192,"[HOLD conf=0.19] ORB=BUY(0.87), VWAP=SELL(0.91), EMA=BUY(0.65)",,,,,
2026-06-17T18:49:00+00:00,D,68.33,HOLD,0.275,"[HOLD conf=0.28] ORB=HOLD(0.00), VWAP=BUY(0.45), EMA=BUY(0.47)",,,,,
2026-06-17T18:49:00+00:00,SLB,51.44,HOLD,0.068,"[HOLD conf=0.07] ORB=HOLD(0.00), VWAP=SELL(0.45), EMA=BUY(0.90)",,,,,
2026-06-17T18:49:00+00:00,FCX,71.81,HOLD,0.01,"[HOLD conf=0.01] ORB=HOLD(0.00), VWAP=BUY(0.45), EMA=SELL(0.59)",,,,,
2026-06-17T18:49:00+00:00,C,146.215,HOLD,0.118,"[HOLD conf=0.12] ORB=BUY(0.51), VWAP=SELL(0.56), EMA=BUY(0.44)",,,,,
2026-06-17T18:49:00+00:00,TFC,49.14,HOLD,0.519,"[HOLD conf=0.52] ORB=SELL(0.54), VWAP=SELL(0.45), EMA=SELL(0.58) [VETOED: long_only mode]",,,,,
2026-06-17T18:49:00+00:00,TSLA,403.185,HOLD,0.053,"[HOLD conf=0.05] ORB=HOLD(0.00), VWAP=BUY(0.45), EMA=SELL(0.42)",,,,,
2026-06-17T18:49:00+00:00,GOOGL,365.91,HOLD,0.275,"[HOLD conf=0.28] ORB=HOLD(0.00), VWAP=BUY(0.45), EMA=BUY(0.47)",,,,,
2026-06-17T18:49:00+00:00,XOM,140.96,HOLD,0.277,"[HOLD conf=0.28] ORB=HOLD(0.00), VWAP=SELL(0.45), EMA=SELL(0.48) [VETOED: long_only mode]",,,,,
2026-06-17T18:49:00+00:00,KO,79.835,HOLD,0.345,"[HOLD conf=0.34] ORB=HOLD(0.00), VWAP=SELL(0.65), EMA=SELL(0.47) [VETOED: long_only mode]",,,,,
2026-06-17T18:49:00+00:00,ABT,88.17,HOLD,0.189,"[HOLD conf=0.19] ORB=SELL(0.80), VWAP=BUY(0.84), EMA=SELL(0.65) [VETOED: long_only mode]",,,,,
2026-06-17T18:54:00+00:00,AMZN,238.93,HOLD,0.109,"[HOLD conf=0.11] ORB=SELL(0.79), VWAP=BUY(0.95), EMA=SELL(0.50) [VETOED: long_only mode]",,,,,
2026-06-17T18:54:00+00:00,MU,1088.49,HOLD,0.13,"[HOLD conf=0.13] ORB=BUY(0.67), VWAP=SELL(0.86), EMA=BUY(0.65)",,,,,
2026-06-17T18:54:00+00:00,TSLA,402.78,HOLD,0.053,"[HOLD conf=0.05] ORB=HOLD(0.00), VWAP=BUY(0.45), EMA=SELL(0.42)",,,,,
2026-06-17T18:54:00+00:00,TFC,49.145,HOLD,0.516,"[HOLD conf=0.52] ORB=SELL(0.54), VWAP=SELL(0.45), EMA=SELL(0.57) [VETOED: long_only mode]",,,,,
2026-06-17T18:54:00+00:00,ABT,88.22,HOLD,0.202,"[HOLD conf=0.20] ORB=SELL(0.79), VWAP=BUY(0.79), EMA=SELL(0.65) [VETOED: long_only mode]",,,,,
2026-06-17T18:54:00+00:00,C,146.06,HOLD,0.268,"[HOLD conf=0.27] ORB=HOLD(0.00), VWAP=BUY(0.45), EMA=BUY(0.44)",,,,,
2026-06-17T18:54:00+00:00,D,68.305,HOLD,0.277,"[HOLD conf=0.28] ORB=HOLD(0.00), VWAP=BUY(0.45), EMA=BUY(0.48)",,,,,
2026-06-17T18:54:00+00:00,GOOGL,365.22,HOLD,0.117,"[HOLD conf=0.12] ORB=HOLD(0.00), VWAP=SELL(0.65), EMA=BUY(0.44) [VETOED: long_only mode]",,,,,
2026-06-17T18:54:00+00:00,WMT,117.69,HOLD,0.18,"[HOLD conf=0.18] ORB=SELL(0.80), VWAP=BUY(0.83), EMA=SELL(0.60) [VETOED: long_only mode]",,,,,
2026-06-17T18:54:00+00:00,FCX,71.79,HOLD,0.03,"[HOLD conf=0.03] ORB=HOLD(0.00), VWAP=BUY(0.45), EMA=SELL(0.51)",,,,,
2026-06-17T18:54:00+00:00,META,574.71,HOLD,0.115,"[HOLD conf=0.12] ORB=SELL(0.70), VWAP=BUY(0.92), EMA=SELL(0.63) [VETOED: long_only mode]",,,,,
2026-06-17T18:54:00+00:00,KO,79.855,HOLD,0.277,"[HOLD conf=0.28] ORB=HOLD(0.00), VWAP=SELL(0.45), EMA=SELL(0.48) [VETOED: long_only mode]",,,,,
2026-06-17T18:54:00+00:00,AMD,528.55,HOLD,0.054,"[HOLD conf=0.05] ORB=HOLD(0.00), VWAP=SELL(0.62), EMA=BUY(0.65) [VETOED: long_only mode]",,,,,
2026-06-17T18:54:00+00:00,XOM,140.94,HOLD,0.277,"[HOLD conf=0.28] ORB=HOLD(0.00), VWAP=SELL(0.45), EMA=SELL(0.48) [VETOED: long_only mode]",,,,,
2026-06-17T18:54:00+00:00,SLB,51.41,HOLD,0.04,"[HOLD conf=0.04] ORB=HOLD(0.00), VWAP=SELL(0.45), EMA=BUY(0.47) [VETOED: long_only mode]",,,,,
2026-06-17T18:59:00+00:00,FCX,71.45,HOLD,0.352,"[HOLD conf=0.35] ORB=HOLD(0.00), VWAP=SELL(0.65), EMA=SELL(0.50) [VETOED: long_only mode]",,,,,
2026-06-17T18:59:00+00:00,D,68.3,HOLD,0.277,"[HOLD conf=0.28] ORB=HOLD(0.00), VWAP=BUY(0.45), EMA=BUY(0.48)",,,,,
2026-06-17T18:59:00+00:00,AMD,522.47,HOLD,0.32,"[HOLD conf=0.32] ORB=HOLD(0.00), VWAP=BUY(0.45), EMA=BUY(0.65)",,,,,
2026-06-17T18:59:00+00:00,TFC,48.855,HOLD,0.191,"[HOLD conf=0.19] ORB=SELL(0.87), VWAP=BUY(0.90), EMA=SELL(0.63) [VETOED: long_only mode]",,,,,
2026-06-17T18:59:00+00:00,GOOGL,364.35,HOLD,0.057,"[HOLD conf=0.06] ORB=HOLD(0.00), VWAP=SELL(0.45), EMA=BUY(0.40) [VETOED: long_only mode]",,,,,
2026-06-17T18:59:00+00:00,ABT,88.105,HOLD,0.192,"[HOLD conf=0.19] ORB=SELL(0.80), VWAP=BUY(0.83), EMA=SELL(0.65) [VETOED: long_only mode]",,,,,
2026-06-17T18:59:00+00:00,KO,79.73,HOLD,0.282,"[HOLD conf=0.28] ORB=HOLD(0.00), VWAP=SELL(0.45), EMA=SELL(0.50) [VETOED: long_only mode]",,,,,
2026-06-17T18:59:00+00:00,MU,1075.36,HOLD,0.206,"[HOLD conf=0.21] ORB=BUY(0.58), VWAP=SELL(0.54), EMA=BUY(0.65)",,,,,
2026-06-17T18:59:00+00:00,SLB,51.19,HOLD,0.042,"[HOLD conf=0.04] ORB=HOLD(0.00), VWAP=SELL(0.45), EMA=BUY(0.46) [VETOED: long_only mode]",,,,,
2026-06-17T18:59:00+00:00,META,572.75,HOLD,0.13,"[HOLD conf=0.13] ORB=SELL(0.75), VWAP=BUY(0.95), EMA=SELL(0.65) [VETOED: long_only mode]",,,,,
2026-06-17T18:59:00+00:00,C,145.545,HOLD,0.402,"[HOLD conf=0.40] ORB=HOLD(0.00), VWAP=SELL(0.65), EMA=SELL(0.70) [VETOED: long_only mode]",,,,,
2026-06-17T18:59:00+00:00,WMT,117.525,HOLD,0.158,"[HOLD conf=0.16] ORB=SELL(0.80), VWAP=BUY(0.90), EMA=SELL(0.61) [VETOED: long_only mode]",,,,,
2026-06-17T18:59:00+00:00,XOM,141.045,HOLD,0.275,"[HOLD conf=0.28] ORB=HOLD(0.00), VWAP=SELL(0.45), EMA=SELL(0.47) [VETOED: long_only mode]",,,,,
2026-06-17T18:59:00+00:00,TSLA,400.68,HOLD,0.345,"[HOLD conf=0.34] ORB=HOLD(0.00), VWAP=SELL(0.65), EMA=SELL(0.47) [VETOED: long_only mode]",,,,,
2026-06-17T18:59:00+00:00,AMZN,238.32,HOLD,0.055,"[HOLD conf=0.06] ORB=SELL(0.63), VWAP=BUY(0.95), EMA=SELL(0.54) [VETOED: long_only mode]",,,,,
2026-06-17T19:04:00+00:00,WMT,117.54,HOLD,0.258,"[HOLD conf=0.26] ORB=SELL(1.00), VWAP=BUY(0.85), EMA=SELL(0.62) [VETOED: long_only mode]",,,,,
2026-06-17T19:04:00+00:00,D,68.365,HOLD,0.28,"[HOLD conf=0.28] ORB=HOLD(0.00), VWAP=BUY(0.45), EMA=BUY(0.49)",,,,,
2026-06-17T19:04:00+00:00,SLB,51.045,HOLD,0.055,"[HOLD conf=0.06] ORB=HOLD(0.00), VWAP=SELL(0.45), EMA=BUY(0.41) [VETOED: long_only mode]",,,,,
2026-06-17T19:04:00+00:00,AMZN,238.43,HOLD,0.053,"[HOLD conf=0.05] ORB=SELL(0.62), VWAP=BUY(0.95), EMA=SELL(0.55) [VETOED: long_only mode]",,,,,
2026-06-17T19:04:00+00:00,C,145.37,HOLD,0.268,"[HOLD conf=0.27] ORB=HOLD(0.00), VWAP=SELL(0.45), EMA=SELL(0.44) [VETOED: long_only mode]",,,,,
2026-06-17T19:04:00+00:00,GOOGL,364.59,HOLD,0.333,"[HOLD conf=0.33] ORB=HOLD(0.00), VWAP=SELL(0.45), EMA=SELL(0.70) [VETOED: long_only mode]",,,,,
2026-06-17T19:04:00+00:00,FCX,71.135,HOLD,0.292,"[HOLD conf=0.29] ORB=HOLD(0.00), VWAP=SELL(0.45), EMA=SELL(0.54) [VETOED: long_only mode]",,,,,
2026-06-17T19:04:00+00:00,ABT,88.125,HOLD,0.206,"[HOLD conf=0.21] ORB=SELL(0.80), VWAP=BUY(0.79), EMA=SELL(0.65) [VETOED: long_only mode]",,,,,
2026-06-17T19:04:00+00:00,META,573.05,HOLD,0.126,"[HOLD conf=0.13] ORB=SELL(0.74), VWAP=BUY(0.95), EMA=SELL(0.65) [VETOED: long_only mode]",,,,,
2026-06-17T19:04:00+00:00,MU,1078.89,HOLD,0.277,"[HOLD conf=0.28] ORB=BUY(0.81), VWAP=SELL(0.60), EMA=BUY(0.65)",,,,,
2026-06-17T19:04:00+00:00,TSLA,400.74,HOLD,0.285,"[HOLD conf=0.28] ORB=HOLD(0.00), VWAP=SELL(0.45), EMA=SELL(0.51) [VETOED: long_only mode]",,,,,
2026-06-17T19:04:00+00:00,XOM,141.075,HOLD,0.273,"[HOLD conf=0.27] ORB=HOLD(0.00), VWAP=SELL(0.45), EMA=SELL(0.46) [VETOED: long_only mode]",,,,,
2026-06-17T19:04:00+00:00,TFC,48.825,HOLD,0.127,"[HOLD conf=0.13] ORB=SELL(0.68), VWAP=BUY(0.88), EMA=SELL(0.65) [VETOED: long_only mode]",,,,,
2026-06-17T19:04:00+00:00,AMD,522.935,HOLD,0.302,"[HOLD conf=0.30] ORB=HOLD(0.00), VWAP=BUY(0.45), EMA=BUY(0.58)",,,,,
2026-06-17T19:04:00+00:00,KO,79.705,HOLD,0.287,"[HOLD conf=0.29] ORB=HOLD(0.00), VWAP=SELL(0.45), EMA=SELL(0.52) [VETOED: long_only mode]",,,,,
2026-06-17T19:09:00+00:00,TSLA,400.28,HOLD,0.292,"[HOLD conf=0.29] ORB=HOLD(0.00), VWAP=SELL(0.45), EMA=SELL(0.54) [VETOED: long_only mode]",,,,,
2026-06-17T19:09:00+00:00,ABT,88.06,HOLD,0.203,"[HOLD conf=0.20] ORB=SELL(0.80), VWAP=BUY(0.80), EMA=SELL(0.65) [VETOED: long_only mode]",,,,,
2026-06-17T19:09:00+00:00,KO,79.665,HOLD,0.292,"[HOLD conf=0.29] ORB=HOLD(0.00), VWAP=SELL(0.45), EMA=SELL(0.54) [VETOED: long_only mode]",,,,,
2026-06-17T19:09:00+00:00,SLB,50.97,HOLD,0.536,"[HOLD conf=0.54] ORB=SELL(0.51), VWAP=SELL(0.45), EMA=SELL(0.70) [VETOED: long_only mode]",,,,,
2026-06-17T19:09:00+00:00,MU,1086.2,HOLD,0.247,"[HOLD conf=0.25] ORB=BUY(0.85), VWAP=SELL(0.73), EMA=BUY(0.65)",,,,,
2026-06-17T19:09:00+00:00,AMZN,238.34,HOLD,0.062,"[HOLD conf=0.06] ORB=SELL(0.63), VWAP=BUY(0.95), EMA=SELL(0.57) [VETOED: long_only mode]",,,,,
2026-06-17T19:09:00+00:00,GOOGL,364.2,HOLD,0.27,"[HOLD conf=0.27] ORB=HOLD(0.00), VWAP=SELL(0.45), EMA=SELL(0.45) [VETOED: long_only mode]",,,,,
2026-06-17T19:09:00+00:00,TFC,48.755,HOLD,0.205,"[HOLD conf=0.20] ORB=SELL(0.91), VWAP=BUY(0.92), EMA=SELL(0.65) [VETOED: long_only mode]",,,,,
2026-06-17T19:09:00+00:00,AMD,523.69,HOLD,0.295,"[HOLD conf=0.29] ORB=HOLD(0.00), VWAP=BUY(0.45), EMA=BUY(0.55)",,,,,
2026-06-17T19:09:00+00:00,C,145.325,HOLD,0.275,"[HOLD conf=0.28] ORB=HOLD(0.00), VWAP=SELL(0.45), EMA=SELL(0.47) [VETOED: long_only mode]",,,,,
2026-06-17T19:09:00+00:00,D,68.375,HOLD,0.282,"[HOLD conf=0.28] ORB=HOLD(0.00), VWAP=BUY(0.45), EMA=BUY(0.50)",,,,,
2026-06-17T19:09:00+00:00,XOM,141.05,HOLD,0.27,"[HOLD conf=0.27] ORB=HOLD(0.00), VWAP=SELL(0.45), EMA=SELL(0.45) [VETOED: long_only mode]",,,,,
2026-06-17T19:09:00+00:00,META,571.5,HOLD,0.142,"[HOLD conf=0.14] ORB=SELL(0.78), VWAP=BUY(0.95), EMA=SELL(0.65) [VETOED: long_only mode]",,,,,
2026-06-17T19:09:00+00:00,FCX,71.145,HOLD,0.3,"[HOLD conf=0.30] ORB=HOLD(0.00), VWAP=SELL(0.45), EMA=SELL(0.57) [VETOED: long_only mode]",,,,,
2026-06-17T19:09:00+00:00,WMT,117.54,HOLD,0.268,"[HOLD conf=0.27] ORB=SELL(1.00), VWAP=BUY(0.82), EMA=SELL(0.62) [VETOED: long_only mode]",,,,,
2026-06-17T19:14:00+00:00,GOOGL,364.725,HOLD,0.273,"[HOLD conf=0.27] ORB=HOLD(0.00), VWAP=SELL(0.45), EMA=SELL(0.46) [VETOED: long_only mode]",,,,,
2026-06-17T19:14:00+00:00,XOM,140.88,HOLD,0.273,"[HOLD conf=0.27] ORB=HOLD(0.00), VWAP=SELL(0.45), EMA=SELL(0.46) [VETOED: long_only mode]",,,,,
2026-06-17T19:14:00+00:00,WMT,117.74,HOLD,0.229,"[HOLD conf=0.23] ORB=SELL(0.80), VWAP=BUY(0.69), EMA=SELL(0.60) [VETOED: long_only mode]",,,,,
2026-06-17T19:14:00+00:00,C,144.95,HOLD,0.12,"[HOLD conf=0.12] ORB=HOLD(0.00), VWAP=BUY(0.72), EMA=SELL(0.53)",,,,,
2026-06-17T19:14:00+00:00,TSLA,400.96,HOLD,0.295,"[HOLD conf=0.29] ORB=HOLD(0.00), VWAP=SELL(0.45), EMA=SELL(0.55) [VETOED: long_only mode]",,,,,
2026-06-17T19:14:00+00:00,AMZN,238.35,HOLD,0.145,"[HOLD conf=0.14] ORB=SELL(0.83), VWAP=BUY(0.95), EMA=SELL(0.58) [VETOED: long_only mode]",,,,,
2026-06-17T19:14:00+00:00,KO,79.805,HOLD,0.29,"[HOLD conf=0.29] ORB=HOLD(0.00), VWAP=SELL(0.45), EMA=SELL(0.53) [VETOED: long_only mode]",,,,,
2026-06-17T19:14:00+00:00,META,572.32,HOLD,0.134,"[HOLD conf=0.13] ORB=SELL(0.76), VWAP=BUY(0.95), EMA=SELL(0.65) [VETOED: long_only mode]",,,,,
2026-06-17T19:14:00+00:00,ABT,88.385,HOLD,0.337,"[HOLD conf=0.34] ORB=SELL(0.97), VWAP=BUY(0.61), EMA=SELL(0.65) [VETOED: long_only mode]",,,,,
2026-06-17T19:14:00+00:00,D,68.465,HOLD,0.287,"[HOLD conf=0.29] ORB=HOLD(0.00), VWAP=BUY(0.45), EMA=BUY(0.52) [VETOED: RSI overbought (77.2)]",,,,,
2026-06-17T19:14:00+00:00,AMD,524.5,HOLD,0.29,"[HOLD conf=0.29] ORB=HOLD(0.00), VWAP=BUY(0.45), EMA=BUY(0.53)",,,,,
2026-06-17T19:14:00+00:00,MU,1092.64,HOLD,0.141,"[HOLD conf=0.14] ORB=BUY(0.69), VWAP=SELL(0.85), EMA=BUY(0.65) [VETOED: RSI overbought (74.7)]",,,,,
2026-06-17T19:14:00+00:00,FCX,70.99,HOLD,0.31,"[HOLD conf=0.31] ORB=HOLD(0.00), VWAP=SELL(0.45), EMA=SELL(0.61) [VETOED: long_only mode]",,,,,
2026-06-17T19:14:00+00:00,TFC,48.715,HOLD,0.143,"[HOLD conf=0.14] ORB=SELL(0.73), VWAP=BUY(0.89), EMA=SELL(0.65) [VETOED: long_only mode]",,,,,
2026-06-17T19:14:00+00:00,SLB,50.88,HOLD,0.488,"[HOLD conf=0.49] ORB=SELL(0.52), VWAP=SELL(0.45), EMA=SELL(0.49) [VETOED: long_only mode]",,,,,
2026-06-17T19:19:00+00:00,TSLA,399.56,HOLD,0.305,"[HOLD conf=0.30] ORB=HOLD(0.00), VWAP=SELL(0.45), EMA=SELL(0.59) [VETOED: long_only mode]",,,,,
2026-06-17T19:19:00+00:00,C,144.37,HOLD,0.182,"[HOLD conf=0.18] ORB=HOLD(0.00), VWAP=BUY(0.95), EMA=SELL(0.60)",,,,,
2026-06-17T19:19:00+00:00,WMT,117.7,HOLD,0.223,"[HOLD conf=0.22] ORB=SELL(0.80), VWAP=BUY(0.70), EMA=SELL(0.59) [VETOED: long_only mode]",,,,,
2026-06-17T19:19:00+00:00,GOOGL,363.34,HOLD,0.109,"[HOLD conf=0.11] ORB=SELL(0.52), VWAP=BUY(0.64), EMA=SELL(0.50) [VETOED: long_only mode]",,,,,
2026-06-17T19:19:00+00:00,AMZN,237.99,HOLD,0.158,"[HOLD conf=0.16] ORB=SELL(0.85), VWAP=BUY(0.95), EMA=SELL(0.60) [VETOED: long_only mode]",,,,,
2026-06-17T19:19:00+00:00,META,570.99,HOLD,0.226,"[HOLD conf=0.23] ORB=SELL(0.99), VWAP=BUY(0.95), EMA=SELL(0.65) [VETOED: long_only mode]",,,,,
2026-06-17T19:19:00+00:00,MU,1081.05,HOLD,0.211,"[HOLD conf=0.21] ORB=BUY(0.62), VWAP=SELL(0.57), EMA=BUY(0.65)",,,,,
2026-06-17T19:19:00+00:00,ABT,88.38,HOLD,0.257,"[HOLD conf=0.26] ORB=SELL(0.77), VWAP=BUY(0.61), EMA=SELL(0.65) [VETOED: long_only mode]",,,,,
2026-06-17T19:19:00+00:00,KO,79.74,HOLD,0.29,"[HOLD conf=0.29] ORB=HOLD(0.00), VWAP=SELL(0.45), EMA=SELL(0.53) [VETOED: long_only mode]",,,,,
2026-06-17T19:19:00+00:00,SLB,50.8,HOLD,0.507,"[HOLD conf=0.51] ORB=SELL(0.53), VWAP=SELL(0.45), EMA=SELL(0.55) [VETOED: long_only mode]",,,,,
2026-06-17T19:19:00+00:00,D,68.455,HOLD,0.29,"[HOLD conf=0.29] ORB=HOLD(0.00), VWAP=BUY(0.45), EMA=BUY(0.53) [VETOED: RSI overbought (72.7)]",,,,,
2026-06-17T19:19:00+00:00,AMD,520.33,HOLD,0.117,"[HOLD conf=0.12] ORB=HOLD(0.00), VWAP=SELL(0.65), EMA=BUY(0.44) [VETOED: long_only mode]",,,,,
2026-06-17T19:19:00+00:00,TFC,48.465,HOLD,0.15,"[HOLD conf=0.15] ORB=SELL(0.80), VWAP=BUY(0.95), EMA=SELL(0.65) [VETOED: long_only mode]",,,,,
2026-06-17T19:19:00+00:00,FCX,70.245,HOLD,0.086,"[HOLD conf=0.09] ORB=HOLD(0.00), VWAP=BUY(0.71), EMA=SELL(0.65)",,,,,
2026-06-17T19:19:00+00:00,XOM,140.89,HOLD,0.273,"[HOLD conf=0.27] ORB=HOLD(0.00), VWAP=SELL(0.45), EMA=SELL(0.46) [VETOED: long_only mode]",,,,,
2026-06-17T19:24:00+00:00,FCX,69.865,HOLD,0.164,"[HOLD conf=0.16] ORB=SELL(0.72), VWAP=BUY(0.82), EMA=SELL(0.65) [VETOED: long_only mode]",,,,,
2026-06-17T19:24:00+00:00,AMZN,237.585,HOLD,0.093,"[HOLD conf=0.09] ORB=SELL(0.67), VWAP=BUY(0.95), EMA=SELL(0.63) [VETOED: long_only mode]",,,,,
2026-06-17T19:24:00+00:00,TSLA,397.495,HOLD,0.272,"[HOLD conf=0.27] ORB=SELL(0.72), VWAP=BUY(0.51), EMA=SELL(0.65) [VETOED: long_only mode]",,,,,
2026-06-17T19:24:00+00:00,SLB,50.61,HOLD,0.162,"[HOLD conf=0.16] ORB=SELL(0.56), VWAP=BUY(0.62), EMA=SELL(0.62) [VETOED: long_only mode]",,,,,
2026-06-17T19:24:00+00:00,C,144.215,HOLD,0.17,"[HOLD conf=0.17] ORB=HOLD(0.00), VWAP=BUY(0.95), EMA=SELL(0.65)",,,,,
2026-06-17T19:24:00+00:00,WMT,117.63,HOLD,0.21,"[HOLD conf=0.21] ORB=SELL(0.80), VWAP=BUY(0.73), EMA=SELL(0.58) [VETOED: long_only mode]",,,,,
2026-06-17T19:24:00+00:00,TFC,48.125,HOLD,0.23,"[HOLD conf=0.23] ORB=SELL(1.00), VWAP=BUY(0.95), EMA=SELL(0.65) [VETOED: long_only mode]",,,,,
2026-06-17T19:24:00+00:00,MU,1074.55,HOLD,0.632,"[HOLD conf=0.63] ORB=BUY(0.78), VWAP=BUY(0.45), EMA=BUY(0.65)",,,,,
2026-06-17T19:24:00+00:00,D,68.385,HOLD,0.287,"[HOLD conf=0.29] ORB=HOLD(0.00), VWAP=BUY(0.45), EMA=BUY(0.52)",,,,,
2026-06-17T19:24:00+00:00,ABT,88.05,HOLD,0.217,"[HOLD conf=0.22] ORB=SELL(0.80), VWAP=BUY(0.76), EMA=SELL(0.65) [VETOED: long_only mode]",,,,,
2026-06-17T19:24:00+00:00,GOOGL,362.585,HOLD,0.064,"[HOLD conf=0.06] ORB=SELL(0.55), VWAP=BUY(0.84), EMA=SELL(0.55) [VETOED: long_only mode]",,,,,
2026-06-17T19:24:00+00:00,XOM,140.85,HOLD,0.275,"[HOLD conf=0.28] ORB=HOLD(0.00), VWAP=SELL(0.45), EMA=SELL(0.47) [VETOED: long_only mode]",,,,,
2026-06-17T19:24:00+00:00,KO,79.615,HOLD,0.295,"[HOLD conf=0.29] ORB=HOLD(0.00), VWAP=SELL(0.45), EMA=SELL(0.55) [VETOED: long_only mode]",,,,,
2026-06-17T19:24:00+00:00,AMD,516.28,HOLD,0.383,"[HOLD conf=0.38] ORB=HOLD(0.00), VWAP=SELL(0.45), EMA=SELL(0.90) [VETOED: long_only mode]",,,,,
2026-06-17T19:24:00+00:00,META,570.905,HOLD,0.23,"[HOLD conf=0.23] ORB=SELL(1.00), VWAP=BUY(0.95), EMA=SELL(0.65) [VETOED: long_only mode]",,,,,
2026-06-17T19:29:00+00:00,ABT,87.98,HOLD,0.21,"[HOLD conf=0.21] ORB=SELL(0.80), VWAP=BUY(0.78), EMA=SELL(0.65) [VETOED: long_only mode]",,,,,
2026-06-17T19:29:00+00:00,KO,79.68,HOLD,0.292,"[HOLD conf=0.29] ORB=HOLD(0.00), VWAP=SELL(0.45), EMA=SELL(0.54) [VETOED: long_only mode]",,,,,
2026-06-17T19:29:00+00:00,GOOGL,362.44,HOLD,0.07,"[HOLD conf=0.07] ORB=SELL(0.55), VWAP=BUY(0.85), EMA=SELL(0.59) [VETOED: long_only mode]",,,,,
2026-06-17T19:29:00+00:00,XOM,140.6,HOLD,0.123,"[HOLD conf=0.12] ORB=SELL(0.50), VWAP=BUY(0.57), EMA=SELL(0.49) [VETOED: long_only mode]",,,,,
2026-06-17T19:29:00+00:00,WMT,117.66,HOLD,0.218,"[HOLD conf=0.22] ORB=SELL(0.80), VWAP=BUY(0.70), EMA=SELL(0.57) [VETOED: long_only mode]",,,,,
2026-06-17T19:29:00+00:00,TSLA,397.82,HOLD,0.6,"[HOLD conf=0.60] ORB=SELL(0.70), VWAP=SELL(0.45), EMA=SELL(0.65) [VETOED: long_only mode]",,,,,
2026-06-17T19:29:00+00:00,FCX,69.85,HOLD,0.108,"[HOLD conf=0.11] ORB=SELL(0.52), VWAP=BUY(0.75), EMA=SELL(0.65) [VETOED: long_only mode]",,,,,
2026-06-17T19:29:00+00:00,AMZN,237.435,HOLD,0.102,"[HOLD conf=0.10] ORB=SELL(0.68), VWAP=BUY(0.95), EMA=SELL(0.65) [VETOED: long_only mode]",,,,,
2026-06-17T19:29:00+00:00,TFC,48.065,HOLD,0.23,"[HOLD conf=0.23] ORB=SELL(1.00), VWAP=BUY(0.95), EMA=SELL(0.65) [VETOED: long_only mode]",,,,,
2026-06-17T19:29:00+00:00,AMD,516.915,HOLD,0.312,"[HOLD conf=0.31] ORB=HOLD(0.00), VWAP=SELL(0.45), EMA=SELL(0.62) [VETOED: long_only mode]",,,,,
2026-06-17T19:29:00+00:00,C,144.31,HOLD,0.135,"[HOLD conf=0.14] ORB=HOLD(0.00), VWAP=BUY(0.85), EMA=SELL(0.65)",,,,,
2026-06-17T19:29:00+00:00,META,569.785,HOLD,0.15,"[HOLD conf=0.15] ORB=SELL(0.80), VWAP=BUY(0.95), EMA=SELL(0.65) [VETOED: long_only mode]",,,,,
2026-06-17T19:29:00+00:00,MU,1081.53,HOLD,0.214,"[HOLD conf=0.21] ORB=BUY(0.62), VWAP=SELL(0.56), EMA=BUY(0.65)",,,,,
2026-06-17T19:29:00+00:00,D,68.235,HOLD,0.105,"[HOLD conf=0.10] ORB=HOLD(0.00), VWAP=SELL(0.65), EMA=BUY(0.49) [VETOED: long_only mode]",,,,,
2026-06-17T19:29:00+00:00,SLB,50.49,HOLD,0.152,"[HOLD conf=0.15] ORB=SELL(0.57), VWAP=BUY(0.68), EMA=SELL(0.65) [VETOED: long_only mode]",,,,,
2026-06-17T19:34:00+00:00,TSLA,396.06,HOLD,0.262,"[HOLD conf=0.26] ORB=SELL(0.80), VWAP=BUY(0.63), EMA=SELL(0.65) [VETOED: long_only mode]",,,,,
2026-06-17T19:34:00+00:00,WMT,117.715,HOLD,0.31,"[HOLD conf=0.31] ORB=SELL(1.00), VWAP=BUY(0.65), EMA=SELL(0.55) [VETOED: long_only mode]",,,,,
2026-06-17T19:34:00+00:00,MU,1074.095,HOLD,0.552,"[HOLD conf=0.55] ORB=BUY(0.58), VWAP=BUY(0.45), EMA=BUY(0.65)",,,,,
2026-06-17T19:34:00+00:00,FCX,69.34,HOLD,0.175,"[HOLD conf=0.17] ORB=SELL(0.80), VWAP=BUY(0.88), EMA=SELL(0.65) [VETOED: long_only mode]",,,,,
2026-06-17T19:34:00+00:00,AMD,514.38,HOLD,0.32,"[HOLD conf=0.32] ORB=HOLD(0.00), VWAP=SELL(0.45), EMA=SELL(0.65) [VETOED: long_only mode]",,,,,
2026-06-17T19:34:00+00:00,XOM,140.495,HOLD,0.21,"[HOLD conf=0.21] ORB=SELL(0.74), VWAP=BUY(0.61), EMA=SELL(0.51) [VETOED: long_only mode]",,,,,
2026-06-17T19:34:00+00:00,GOOGL,362.76,HOLD,0.11,"[HOLD conf=0.11] ORB=SELL(0.54), VWAP=BUY(0.74), EMA=SELL(0.61) [VETOED: long_only mode]",,,,,
2026-06-17T19:34:00+00:00,SLB,50.45,HOLD,0.237,"[HOLD conf=0.24] ORB=SELL(0.78), VWAP=BUY(0.68), EMA=SELL(0.65) [VETOED: long_only mode]",,,,,
2026-06-17T19:34:00+00:00,ABT,88.1,HOLD,0.234,"[HOLD conf=0.23] ORB=SELL(0.80), VWAP=BUY(0.71), EMA=SELL(0.65) [VETOED: long_only mode]",,,,,
2026-06-17T19:34:00+00:00,C,143.74,HOLD,0.17,"[HOLD conf=0.17] ORB=HOLD(0.00), VWAP=BUY(0.95), EMA=SELL(0.65)",,,,,
2026-06-17T19:34:00+00:00,META,570.14,HOLD,0.23,"[HOLD conf=0.23] ORB=SELL(1.00), VWAP=BUY(0.95), EMA=SELL(0.65) [VETOED: long_only mode]",,,,,
2026-06-17T19:34:00+00:00,TFC,47.94,HOLD,0.23,"[HOLD conf=0.23] ORB=SELL(1.00), VWAP=BUY(0.95), EMA=SELL(0.65) [VETOED: long_only mode]",,,,,
2026-06-17T19:34:00+00:00,AMZN,237.24,HOLD,0.106,"[HOLD conf=0.11] ORB=SELL(0.69), VWAP=BUY(0.95), EMA=SELL(0.65) [VETOED: long_only mode]",,,,,
2026-06-17T19:34:00+00:00,KO,79.56,HOLD,0.297,"[HOLD conf=0.30] ORB=HOLD(0.00), VWAP=SELL(0.45), EMA=SELL(0.56) [VETOED: long_only mode]",,,,,
2026-06-17T19:34:00+00:00,D,68.09,HOLD,0.349,"[HOLD conf=0.35] ORB=SELL(0.76), VWAP=SELL(0.45), EMA=BUY(0.45) [VETOED: long_only mode]",,,,,
2026-06-17T19:39:00+00:00,GOOGL,362.365,HOLD,0.095,"[HOLD conf=0.10] ORB=SELL(0.56), VWAP=BUY(0.82), EMA=SELL(0.63) [VETOED: long_only mode]",,,,,
2026-06-17T19:39:00+00:00,XOM,140.56,HOLD,0.149,"[HOLD conf=0.15] ORB=SELL(0.52), VWAP=BUY(0.54), EMA=SELL(0.52) [VETOED: long_only mode]",,,,,
2026-06-17T19:39:00+00:00,C,143.48,HOLD,0.17,"[HOLD conf=0.17] ORB=HOLD(0.00), VWAP=BUY(0.95), EMA=SELL(0.65)",,,,,
2026-06-17T19:39:00+00:00,SLB,50.25,HOLD,0.214,"[HOLD conf=0.21] ORB=SELL(0.81), VWAP=BUY(0.78), EMA=SELL(0.65) [VETOED: long_only mode]",,,,,
2026-06-17T19:39:00+00:00,WMT,117.84,HOLD,0.33,"[HOLD conf=0.33] ORB=SELL(1.00), VWAP=BUY(0.57), EMA=SELL(0.52) [VETOED: long_only mode]",,,,,
2026-06-17T19:39:00+00:00,META,569.24,HOLD,0.23,"[HOLD conf=0.23] ORB=SELL(1.00), VWAP=BUY(0.95), EMA=SELL(0.65) [VETOED: long_only mode]",,,,,
2026-06-17T19:39:00+00:00,TSLA,394.47,HOLD,0.252,"[HOLD conf=0.25] ORB=SELL(0.88), VWAP=BUY(0.75), EMA=SELL(0.65) [VETOED: long_only mode]",,,,,
2026-06-17T19:39:00+00:00,KO,79.69,HOLD,0.295,"[HOLD conf=0.29] ORB=HOLD(0.00), VWAP=SELL(0.45), EMA=SELL(0.55) [VETOED: long_only mode]",,,,,
2026-06-17T19:39:00+00:00,MU,1060.95,HOLD,0.315,"[HOLD conf=0.32] ORB=HOLD(0.00), VWAP=BUY(0.45), EMA=BUY(0.63)",,,,,
2026-06-17T19:39:00+00:00,AMD,511.81,HOLD,0.058,"[HOLD conf=0.06] ORB=HOLD(0.00), VWAP=BUY(0.63), EMA=SELL(0.65)",,,,,
2026-06-17T19:39:00+00:00,AMZN,237.16,HOLD,0.11,"[HOLD conf=0.11] ORB=SELL(0.70), VWAP=BUY(0.95), EMA=SELL(0.65) [VETOED: long_only mode]",,,,,
2026-06-17T19:39:00+00:00,FCX,69.04,HOLD,0.187,"[HOLD conf=0.19] ORB=SELL(0.84), VWAP=BUY(0.89), EMA=SELL(0.65) [VETOED: long_only mode]",,,,,
2026-06-17T19:39:00+00:00,D,68.015,HOLD,0.706,"[HOLD conf=0.71] ORB=SELL(0.81), VWAP=SELL(0.45), EMA=SELL(0.90) [VETOED: long_only mode]",,,,,
2026-06-17T19:39:00+00:00,TFC,47.86,HOLD,0.23,"[HOLD conf=0.23] ORB=SELL(1.00), VWAP=BUY(0.95), EMA=SELL(0.65) [VETOED: long_only mode]",,,,,
2026-06-17T19:39:00+00:00,ABT,88.14,HOLD,0.242,"[HOLD conf=0.24] ORB=SELL(0.80), VWAP=BUY(0.68), EMA=SELL(0.64) [VETOED: long_only mode]",,,,,
2026-06-17T19:44:00+00:00,D,68.155,HOLD,0.552,"[HOLD conf=0.55] ORB=SELL(0.73), VWAP=SELL(0.45), EMA=SELL(0.41) [VETOED: long_only mode]",,,,,
2026-06-17T19:44:00+00:00,ABT,88.39,HOLD,0.259,"[HOLD conf=0.26] ORB=SELL(0.76), VWAP=BUY(0.55), EMA=SELL(0.59) [VETOED: long_only mode]",,,,,
2026-06-17T19:44:00+00:00,GOOGL,363.22,HOLD,0.158,"[HOLD conf=0.16] ORB=SELL(0.52), VWAP=BUY(0.58), EMA=SELL(0.61) [VETOED: long_only mode]",,,,,
2026-06-17T19:44:00+00:00,META,568.575,HOLD,0.23,"[HOLD conf=0.23] ORB=SELL(1.00), VWAP=BUY(0.95), EMA=SELL(0.65) [VETOED: long_only mode]",,,,,
2026-06-17T19:44:00+00:00,KO,79.795,HOLD,0.287,"[HOLD conf=0.29] ORB=HOLD(0.00), VWAP=SELL(0.45), EMA=SELL(0.52) [VETOED: long_only mode]",,,,,
2026-06-17T19:44:00+00:00,C,143.81,HOLD,0.114,"[HOLD conf=0.11] ORB=HOLD(0.00), VWAP=BUY(0.79), EMA=SELL(0.65)",,,,,
2026-06-17T19:44:00+00:00,MU,1057.31,HOLD,0.265,"[HOLD conf=0.27] ORB=HOLD(0.00), VWAP=BUY(0.45), EMA=BUY(0.43)",,,,,
2026-06-17T19:44:00+00:00,FCX,69.17,HOLD,0.145,"[HOLD conf=0.14] ORB=SELL(0.62), VWAP=BUY(0.76), EMA=SELL(0.65) [VETOED: long_only mode]",,,,,
2026-06-17T19:44:00+00:00,XOM,140.54,HOLD,0.152,"[HOLD conf=0.15] ORB=SELL(0.52), VWAP=BUY(0.54), EMA=SELL(0.53) [VETOED: long_only mode]",,,,,
2026-06-17T19:44:00+00:00,AMD,512.595,HOLD,0.023,"[HOLD conf=0.02] ORB=HOLD(0.00), VWAP=BUY(0.53), EMA=SELL(0.65)",,,,,
2026-06-17T19:44:00+00:00,TFC,47.895,HOLD,0.272,"[HOLD conf=0.27] ORB=SELL(1.00), VWAP=BUY(0.83), EMA=SELL(0.65) [VETOED: long_only mode]",,,,,
2026-06-17T19:44:00+00:00,AMZN,237.17,HOLD,0.11,"[HOLD conf=0.11] ORB=SELL(0.70), VWAP=BUY(0.95), EMA=SELL(0.65) [VETOED: long_only mode]",,,,,
2026-06-17T19:44:00+00:00,TSLA,394.275,HOLD,0.277,"[HOLD conf=0.28] ORB=SELL(0.89), VWAP=BUY(0.69), EMA=SELL(0.65) [VETOED: long_only mode]",,,,,
2026-06-17T19:44:00+00:00,SLB,50.41,HOLD,0.251,"[HOLD conf=0.25] ORB=SELL(0.78), VWAP=BUY(0.64), EMA=SELL(0.65) [VETOED: long_only mode]",,,,,
2026-06-17T19:44:00+00:00,WMT,117.94,HOLD,0.68,"[HOLD conf=0.68] ORB=SELL(1.00), VWAP=SELL(0.45), EMA=SELL(0.49) [VETOED: long_only mode]",,,,,
2026-06-17T19:49:00+00:00,KO,79.775,HOLD,0.282,"[HOLD conf=0.28] ORB=HOLD(0.00), VWAP=SELL(0.45), EMA=SELL(0.50) [VETOED: long_only mode]",,,,,
2026-06-17T19:49:00+00:00,SLB,50.375,HOLD,0.255,"[HOLD conf=0.26] ORB=SELL(0.79), VWAP=BUY(0.64), EMA=SELL(0.65) [VETOED: long_only mode]",,,,,
2026-06-17T19:49:00+00:00,AMD,514.3,HOLD,0.32,"[HOLD conf=0.32] ORB=HOLD(0.00), VWAP=SELL(0.45), EMA=SELL(0.65) [VETOED: long_only mode]",,,,,
2026-06-17T19:49:00+00:00,XOM,140.45,HOLD,0.23,"[HOLD conf=0.23] ORB=SELL(0.75), VWAP=BUY(0.58), EMA=SELL(0.53) [VETOED: long_only mode]",,,,,
2026-06-17T19:49:00+00:00,TFC,47.935,HOLD,0.304,"[HOLD conf=0.30] ORB=SELL(1.00), VWAP=BUY(0.74), EMA=SELL(0.65) [VETOED: long_only mode]",,,,,
2026-06-17T19:49:00+00:00,TSLA,395.555,HOLD,0.312,"[HOLD conf=0.31] ORB=SELL(0.83), VWAP=BUY(0.52), EMA=SELL(0.65) [VETOED: long_only mode]",,,,,
2026-06-17T19:49:00+00:00,D,68.06,HOLD,0.58,"[HOLD conf=0.58] ORB=SELL(0.78), VWAP=SELL(0.45), EMA=SELL(0.44) [VETOED: long_only mode]",,,,,
2026-06-17T19:49:00+00:00,WMT,118.2,HOLD,0.664,"[HOLD conf=0.66] ORB=SELL(0.99), VWAP=SELL(0.45), EMA=SELL(0.44) [VETOED: long_only mode]",,,,,
2026-06-17T19:49:00+00:00,FCX,69.16,HOLD,0.246,"[HOLD conf=0.25] ORB=SELL(0.83), VWAP=BUY(0.71), EMA=SELL(0.65) [VETOED: long_only mode]",,,,,
2026-06-17T19:49:00+00:00,ABT,88.23,HOLD,0.242,"[HOLD conf=0.24] ORB=SELL(0.79), VWAP=BUY(0.62), EMA=SELL(0.57) [VETOED: long_only mode]",,,,,
2026-06-17T19:49:00+00:00,AMZN,237.355,HOLD,0.182,"[HOLD conf=0.18] ORB=SELL(0.88), VWAP=BUY(0.95), EMA=SELL(0.65) [VETOED: long_only mode]",,,,,
2026-06-17T19:49:00+00:00,META,569.23,HOLD,0.23,"[HOLD conf=0.23] ORB=SELL(1.00), VWAP=BUY(0.95), EMA=SELL(0.65) [VETOED: long_only mode]",,,,,
2026-06-17T19:49:00+00:00,GOOGL,364.49,HOLD,0.297,"[HOLD conf=0.30] ORB=HOLD(0.00), VWAP=SELL(0.45), EMA=SELL(0.56) [VETOED: long_only mode]",,,,,
2026-06-17T19:49:00+00:00,C,143.975,HOLD,0.072,"[HOLD conf=0.07] ORB=HOLD(0.00), VWAP=BUY(0.67), EMA=SELL(0.65)",,,,,
2026-06-17T19:49:00+00:00,MU,1056.08,HOLD,0.453,"[HOLD conf=0.45] ORB=HOLD(0.00), VWAP=SELL(0.65), EMA=SELL(0.90) [VETOED: long_only mode]",,,,,
2026-06-17T19:54:00+00:00,META,566.835,HOLD,0.23,"[HOLD conf=0.23] ORB=SELL(1.00), VWAP=BUY(0.95), EMA=SELL(0.65) [VETOED: long_only mode]",,,,,
2026-06-17T19:54:00+00:00,D,68.075,HOLD,0.578,"[HOLD conf=0.58] ORB=SELL(0.77), VWAP=SELL(0.45), EMA=SELL(0.45) [VETOED: long_only mode]",,,,,
2026-06-17T19:54:00+00:00,TFC,48.12,HOLD,0.374,"[HOLD conf=0.37] ORB=SELL(1.00), VWAP=BUY(0.54), EMA=SELL(0.65) [VETOED: long_only mode]",,,,,
2026-06-17T19:54:00+00:00,SLB,50.205,HOLD,0.242,"[HOLD conf=0.24] ORB=SELL(0.81), VWAP=BUY(0.70), EMA=SELL(0.65) [VETOED: long_only mode]",,,,,
2026-06-17T19:54:00+00:00,ABT,88.35,HOLD,0.251,"[HOLD conf=0.25] ORB=SELL(0.77), VWAP=BUY(0.55), EMA=SELL(0.54) [VETOED: long_only mode]",,,,,
2026-06-17T19:54:00+00:00,WMT,117.98,HOLD,0.665,"[HOLD conf=0.67] ORB=SELL(1.00), VWAP=SELL(0.45), EMA=SELL(0.43) [VETOED: long_only mode]",,,,,
2026-06-17T19:54:00+00:00,MU,1044.41,HOLD,0.32,"[HOLD conf=0.32] ORB=HOLD(0.00), VWAP=SELL(0.45), EMA=SELL(0.65) [VETOED: long_only mode]",,,,,
2026-06-17T19:54:00+00:00,KO,79.91,HOLD,0.11,"[HOLD conf=0.11] ORB=HOLD(0.00), VWAP=BUY(0.65), EMA=SELL(0.47)",,,,,
2026-06-17T19:54:00+00:00,C,143.77,HOLD,0.086,"[HOLD conf=0.09] ORB=HOLD(0.00), VWAP=BUY(0.71), EMA=SELL(0.65)",,,,,
2026-06-17T19:54:00+00:00,AMD,512.0,HOLD,0.012,"[HOLD conf=0.01] ORB=HOLD(0.00), VWAP=BUY(0.50), EMA=SELL(0.65)",,,,,
2026-06-17T19:54:00+00:00,GOOGL,363.11,HOLD,0.226,"[HOLD conf=0.23] ORB=SELL(0.73), VWAP=BUY(0.59), EMA=SELL(0.56) [VETOED: long_only mode]",,,,,
2026-06-17T19:54:00+00:00,AMZN,236.87,HOLD,0.194,"[HOLD conf=0.19] ORB=SELL(0.91), VWAP=BUY(0.95), EMA=SELL(0.65) [VETOED: long_only mode]",,,,,
2026-06-17T19:54:00+00:00,FCX,69.14,HOLD,0.26,"[HOLD conf=0.26] ORB=SELL(0.83), VWAP=BUY(0.67), EMA=SELL(0.65) [VETOED: long_only mode]",,,,,
2026-06-17T19:54:00+00:00,XOM,140.525,HOLD,0.25,"[HOLD conf=0.25] ORB=SELL(0.73), VWAP=BUY(0.50), EMA=SELL(0.53) [VETOED: long_only mode]",,,,,
2026-06-17T19:54:00+00:00,TSLA,394.28,HOLD,0.302,"[HOLD conf=0.30] ORB=SELL(0.89), VWAP=BUY(0.62), EMA=SELL(0.65) [VETOED: long_only mode]",,,,,
2026-06-17T19:59:00+00:00,GOOGL,363.86,HOLD,0.57,"[HOLD conf=0.57] ORB=SELL(0.70), VWAP=SELL(0.45), EMA=SELL(0.53) [VETOED: long_only mode]",,,,,
2026-06-17T19:59:00+00:00,C,143.8,HOLD,0.058,"[HOLD conf=0.06] ORB=HOLD(0.00), VWAP=BUY(0.63), EMA=SELL(0.65)",,,,,
2026-06-17T19:59:00+00:00,D,68.03,HOLD,0.595,"[HOLD conf=0.59] ORB=SELL(0.80), VWAP=SELL(0.45), EMA=SELL(0.47) [VETOED: long_only mode]",,,,,
2026-06-17T19:59:00+00:00,XOM,140.79,HOLD,0.285,"[HOLD conf=0.28] ORB=HOLD(0.00), VWAP=SELL(0.45), EMA=SELL(0.51) [VETOED: long_only mode]",,,,,
2026-06-17T19:59:00+00:00,META,567.22,HOLD,0.244,"[HOLD conf=0.24] ORB=SELL(1.00), VWAP=BUY(0.91), EMA=SELL(0.65) [VETOED: long_only mode]",,,,,
2026-06-17T19:59:00+00:00,ABT,88.45,HOLD,0.662,"[HOLD conf=0.66] ORB=SELL(0.95), VWAP=SELL(0.45), EMA=SELL(0.50) [VETOED: long_only mode]",,,,,
2026-06-17T19:59:00+00:00,KO,79.94,HOLD,0.048,"[HOLD conf=0.05] ORB=HOLD(0.00), VWAP=BUY(0.45), EMA=SELL(0.44)",,,,,
2026-06-17T19:59:00+00:00,TSLA,396.52,HOLD,0.628,"[HOLD conf=0.63] ORB=SELL(0.77), VWAP=SELL(0.45), EMA=SELL(0.65) [VETOED: long_only mode]",,,,,
2026-06-17T19:59:00+00:00,AMZN,237.57,HOLD,0.203,"[HOLD conf=0.20] ORB=SELL(0.87), VWAP=BUY(0.88), EMA=SELL(0.65) [VETOED: long_only mode]",,,,,
2026-06-17T19:59:00+00:00,WMT,118.185,HOLD,0.332,"[HOLD conf=0.33] ORB=SELL(1.00), VWAP=SELL(0.45), EMA=BUY(0.90) [VETOED: long_only mode]",,,,,
2026-06-17T19:59:00+00:00,FCX,69.03,HOLD,0.282,"[HOLD conf=0.28] ORB=SELL(0.84), VWAP=BUY(0.62), EMA=SELL(0.65) [VETOED: long_only mode]",,,,,
2026-06-17T19:59:00+00:00,MU,1043.95,HOLD,0.32,"[HOLD conf=0.32] ORB=HOLD(0.00), VWAP=SELL(0.45), EMA=SELL(0.65) [VETOED: long_only mode]",,,,,
2026-06-17T19:59:00+00:00,SLB,50.33,HOLD,0.283,"[HOLD conf=0.28] ORB=SELL(0.80), VWAP=BUY(0.57), EMA=SELL(0.65) [VETOED: long_only mode]",,,,,
2026-06-17T19:59:00+00:00,TFC,48.19,HOLD,0.72,"[HOLD conf=0.72] ORB=SELL(1.00), VWAP=SELL(0.45), EMA=SELL(0.65) [VETOED: long_only mode]",,,,,
2026-06-17T19:59:00+00:00,AMD,512.19,HOLD,0.32,"[HOLD conf=0.32] ORB=HOLD(0.00), VWAP=SELL(0.45), EMA=SELL(0.65) [VETOED: long_only mode]",,,,,
